"";"X";"Y";"class"
"1";-1,31666274662804;0,18604231590015;"0"
"2";1,33882006026303;0,281414079448545;"0"
"3";-1,37925086163528;0,511950628468458;"0"
"4";0,322083152380132;1,03066312223303;"0"
"5";0,794357433178014;0,707894852364846;"0"
"6";1,04625063178614;0,348892027816035;"0"
"7";1,4099726550708;0,226937381108351;"0"
"8";0,948340218461107;0,611240315297654;"0"
"9";-0,979214210604002;0,219819162948979;"0"
"10";-1,30356648016766;0,0364728704464495;"0"
"11";-0,933023645696768;0,609574160367178;"0"
"12";-0,604635164935487;0,825359610794765;"0"
"13";-0,93024273674505;1,08562911008283;"0"
"14";-0,732356372079557;0,702405425042868;"0"
"15";1,43715957494692;0,0707153754130687;"0"
"16";-1,06069700932496;0,260894152428663;"0"
"17";-1,15501124549727;0,303956852818015;"0"
"18";1,22580054973715;0,805337871091395;"0"
"19";0,800255585342917;0,81315274730176;"0"
"20";0,710573755952324;0,784367060250911;"0"
"21";1,18759617912623;0,0144438727752488;"0"
"22";0,136464540732043;1,29049645608625;"0"
"23";-0,160901761892724;1,15347116360612;"0"
"24";-0,886595342199584;1,18024301151449;"0"
"25";1,41528721245071;0,329610802868969;"0"
"26";0,881711074717536;0,771074421528426;"0"
"27";0,464684247600031;1,05398153677168;"0"
"28";0,0556483318466333;1,24288790796906;"0"
"29";0,970748912958048;0,447409732863433;"0"
"30";1,1413663276246;0,161109814527158;"0"
"31";0,670851290026067;1,03765062230717;"0"
"32";-1,15724093421875;0,648176593162298;"0"
"33";-0,13843237471539;1,2258981066481;"0"
"34";0,415552352290959;0,961769836049598;"0"
"35";0,553852736817315;0,848760378131094;"0"
"36";-1,24915500297306;0,118916945117589;"0"
"37";1,20782429707812;0,430350835121583;"0"
"38";0,115704982560264;1,05165427417433;"0"
"39";-1,22311695672187;0,691502154254584;"0"
"40";1,02811092280767;0,687729336069765;"0"
"41";0,284465660459418;0,96597996061888;"0"
"42";0,156047458746641;1,09647879607901;"0"
"43";-0,831728957238785;0,632586202583853;"0"
"44";-0,629244080363945;1,23530489576185;"0"
"45";0,775486902914488;0,738393922610027;"0"
"46";-1,05195032725898;0,250765894493867;"0"
"47";0,772310326586817;1,28269906070066;"0"
"48";0,142421981313538;1,47431994990656;"0"
"49";-1,38297331580157;0,249454783995001;"0"
"50";1,0070151176982;0,255718344601374;"0"
"51";0,0489030265030949;1,01349271609016;"0"
"52";0,117982333679225;1,09882429038838;"0"
"53";1,1374995349389;0,267177012994137;"0"
"54";1,21310399181999;0,408860593979284;"0"
"55";-0,878464777538564;0,837726776180201;"0"
"56";-1,26102006604802;0,438971161000672;"0"
"57";-0,332842905505551;1,23030451006693;"0"
"58";-0,308185651794852;1,02155751829622;"0"
"59";0,599736740383093;0,906700998907099;"0"
"60";-0,718835808536101;1,28368541683008;"0"
"61";-0,419821360389343;1,0928604787896;"0"
"62";0,241130758699558;1,01092397519704;"0"
"63";0,997070792426158;0,136954192707606;"0"
"64";0,999775243536928;0,645244879130763;"0"
"65";0,692231132489444;0,740269691756965;"0"
"66";-0,446865538547538;1,06828603248736;"0"
"67";0,17220615386831;1,47382858330048;"0"
"68";-0,872591543373386;1,06535218575341;"0"
"69";-1,03222374461272;0,276257342081043;"0"
"70";0,413798359832641;1,16918500096275;"0"
"71";-1,12717930522057;0,0403182919612764;"0"
"72";0,0581214675493402;1,49667814466318;"0"
"73";0,86648783902561;1,01329024455902;"0"
"74";0,545596903866624;0,95768443281247;"0"
"75";-1,03552774962665;0,617096917728551;"0"
"76";-1,3016220170436;0,674328877752967;"0"
"77";1,00943531284573;0,245304138493105;"0"
"78";-0,356822399535242;1,02398080512148;"0"
"79";0,711627472991601;0,866591023523254;"0"
"80";-1,16781121922203;0,40867649413469;"0"
"81";-1,41868553177626;0,390383825484806;"0"
"82";1,12751315278052;0,0992085016257349;"0"
"83";0,635565886281841;1,23800103252256;"0"
"84";1,17787835238431;0,364954255142094;"0"
"85";0,968075597067373;0,281055595339578;"0"
"86";-1,32986182009724;0,345986028123472;"0"
"87";0,514655235426804;0,966006024554976;"0"
"88";1,04267714610356;0,862453027284531;"0"
"89";1,00579449765089;0,11748477481031;"0"
"90";-1,20937789660028;0,0316388921176947;"0"
"91";-0,831339132984276;0,563944481230614;"0"
"92";-1,26462612347471;0,399427708539186;"0"
"93";0,248797151835668;1,05801239295079;"0"
"94";-0,645889613465955;1,07855929037357;"0"
"95";0,835736429590769;0,626914940960923;"0"
"96";1,01251431833961;0,0722042688685627;"0"
"97";-1,12636344566948;0,861016110627472;"0"
"98";1,10796527579662;0,739647315428857;"0"
"99";-1,07596723967972;0,594352356348117;"0"
"100";-0,657399058597627;1,21972899934332;"0"
"101";-1,32926012393511;0,17043133698067;"0"
"102";-1,24219305062091;0,174155504691239;"0"
"103";-0,260052641005019;1,20000604661316;"0"
"104";-1,21861932595705;0,861900773721249;"0"
"105";-0,320894774154353;1,05658322044981;"0"
"106";0,00586334682453196;1,23603258620221;"0"
"107";0,985242931315715;1,11573767129559;"0"
"108";1,13790083512606;0,129801969899801;"0"
"109";-0,00740106418823196;1,43034873759469;"0"
"110";1,23930963239258;0,67333146873012;"0"
"111";-0,288978555215948;1,10351683252675;"0"
"112";-0,550828511260577;0,88273780903552;"0"
"113";0,516423294221327;0,977583827987142;"0"
"114";0,578732092860084;1,03469695488594;"0"
"115";1,36892615867342;0,432737465353951;"0"
"116";1,1947259139798;0,317825633099186;"0"
"117";-1,39416279819712;0,316793163698656;"0"
"118";1,37717064694085;0,345052978990312;"0"
"119";0,0499249569169111;1,31636703493252;"0"
"120";-0,0656492920256665;1,01134376375151;"0"
"121";-1,43681199155289;0,417785584968836;"0"
"122";0,430804572766018;1,09089576521927;"0"
"123";-0,0649650108710088;1,21384717729712;"0"
"124";1,30909930089934;0,54798158617798;"0"
"125";-0,870348866810787;0,578148694856968;"0"
"126";1,01451626391091;0,207268634283731;"0"
"127";0,958143050422605;0,294852688003893;"0"
"128";1,08722529018031;0,0846516699079909;"0"
"129";-1,22969530362661;0,653284213278226;"0"
"130";-1,09663637156615;0,9719789544309;"0"
"131";0,387999681647873;1,41690189560297;"0"
"132";0,913057646615881;0,713317205034067;"0"
"133";-1,29044295291828;0,137425252178484;"0"
"134";1,27883848883673;0,66417195124271;"0"
"135";0,776822619421949;1,03341525054591;"0"
"136";-0,13236305507871;1,15719524291334;"0"
"137";-1,2034134287212;0,825703865023663;"0"
"138";-0,788191417349112;1,0618384426078;"0"
"139";-0,0569444929245595;1,16806503674352;"0"
"140";0,904907700419779;0,471284912682072;"0"
"141";0,950046456228561;0,91818851954445;"0"
"142";-1,38814421076403;0,254590152983616;"0"
"143";-0,477445825400402;1,4202693120055;"0"
"144";-0,21129258233749;1,11488777024213;"0"
"145";-1,07627370734021;0,815238182858383;"0"
"146";-1,22227691760303;0,335910890316887;"0"
"147";1,30753788573236;0,351717382817087;"0"
"148";-0,43243415235325;1,39710044257207;"0"
"149";0,917702179257952;0,422381825736977;"0"
"150";0,679895705803868;1,28118679213125;"0"
"151";1,1838148576189;0,398329634622387;"0"
"152";-0,935250362576912;0,482132313936137;"0"
"153";-0,907799294643007;1,13074311636665;"0"
"154";0,198617400257905;1,33388663455441;"0"
"155";-0,993365243017683;0,91716029468223;"0"
"156";-0,90836814361601;1,04218387872569;"0"
"157";0,590564371512454;1,04243662338765;"0"
"158";-0,604577727245241;0,894293328068651;"0"
"159";1,08714395089305;0,640484760123549;"0"
"160";-0,739391045769716;0,717618476971382;"0"
"161";0,0339997129860241;1,11504912143327;"0"
"162";1,18800102822096;0,371539577757619;"0"
"163";1,04339841070873;0,338678370354641;"0"
"164";1,17058453381082;0,44448312143088;"0"
"165";1,25924907967908;0,377506773282317;"0"
"166";1,19435587297223;0,837611163824436;"0"
"167";-0,488942794043983;0,911624756076102;"0"
"168";0,988909606226199;0,659557786762815;"0"
"169";0,160231115686752;1,2942327057423;"0"
"170";1,14525043098793;0,520324120501872;"0"
"171";1,23379926568794;0,132443495634037;"0"
"172";-0,298106796567581;1,37520846246509;"0"
"173";-0,650611400801849;0,822581631081629;"0"
"174";-1,01398430461615;0,475819633112442;"0"
"175";1,37894867495201;0,104463417747298;"0"
"176";-0,910434283465519;0,656054537415618;"0"
"177";-0,894621553866543;0,619674859973623;"0"
"178";0,994984965560834;0,581625382026134;"0"
"179";-0,570705322883033;1,12636250459916;"0"
"180";0,849893862076349;0,589664436692095;"0"
"181";0,704100453491431;0,760387805917352;"0"
"182";1,03524680000137;0,854562942951542;"0"
"183";-0,691508103538117;0,872964700346968;"0"
"184";-1,37232549453691;0,394933341829694;"0"
"185";0,333675042819482;1,13638680385253;"0"
"186";-1,1587890606392;0,941845481803036;"0"
"187";-1,16137802754595;0,404344705685271;"0"
"188";-1,14645472329384;0,352792338688478;"0"
"189";0,239058419046963;1,31914763450301;"0"
"190";1,00518481123181;0,183604818490499;"0"
"191";-0,957181632630946;0,304167951850237;"0"
"192";0,922772944556504;0,867152497809429;"0"
"193";0,539040455397101;1,2245233416316;"0"
"194";1,40793978507857;0,0180943366683103;"0"
"195";0,950275887397648;0,33614912669158;"0"
"196";1,33341131446702;0,467587622011475;"0"
"197";0,946845833519647;0,88435788700099;"0"
"198";-0,18626637810348;1,39181720804162;"0"
"199";-1,16965507655483;0,165463349542104;"0"
"200";-1,40328750214038;0,313029351944561;"0"
"201";-0,859854218460433;0,563387612425687;"0"
"202";-0,994826495667662;0,409472297857099;"0"
"203";0,0948081469571485;1,16830327556614;"0"
"204";-1,3683556995321;0,576530707023941;"0"
"205";-0,630626850297096;0,817607940004269;"0"
"206";-1,25199067118576;0,336699843388314;"0"
"207";-1,0061757318899;1,08086286882524;"0"
"208";-0,277362058593035;1,13688083322332;"0"
"209";1,05451712216497;0,0722900109241017;"0"
"210";0,892667773198802;0,471480782157695;"0"
"211";-0,572308497598459;1,32721357178041;"0"
"212";-1,19305537327965;0,0301120220290751;"0"
"213";0,826465209952503;1,22900909795139;"0"
"214";0,532236876556642;1,12188996765738;"0"
"215";-1,21014656517019;0,24825522365543;"0"
"216";1,20060843974953;0,497759598691495;"0"
"217";-0,722524749766842;0,701154290827518;"0"
"218";0,629647069429917;0,863340109005216;"0"
"219";-0,311786257806688;0,958664895616874;"0"
"220";-0,857891037872243;0,633664135869695;"0"
"221";1,46976356520934;0,110548665292942;"0"
"222";-1,19126612344901;0,524326701433384;"0"
"223";-1,03171808101509;0,0257334098776276;"0"
"224";-0,668263650078255;1,30580108733688;"0"
"225";-0,931473998713365;1,04115666656992;"0"
"226";0,500947709466844;0,932982144960193;"0"
"227";-0,0622876972425317;1,27816044933359;"0"
"228";0,17168399554485;0,995064131115828;"0"
"229";-0,100857380381852;1,04077432994408;"0"
"230";-1,26507992442242;0,330014827814449;"0"
"231";0,114782949491066;1,46708215850721;"0"
"232";0,278234410824534;1,38267672903897;"0"
"233";0,305813642663229;0,97661196157552;"0"
"234";-0,779868651196799;0,819831296745652;"0"
"235";-0,561452786250334;0,963976455301266;"0"
"236";-0,29991909116968;1,4672369482634;"0"
"237";0,748813304246905;0,806959174990792;"0"
"238";1,38746471131624;0,245117405653992;"0"
"239";0,444199796708877;1,07859292109268;"0"
"240";-0,806917696610329;0,685308930370903;"0"
"241";1,01340206167998;0,185490159253392;"0"
"242";-0,475822175953385;0,963241919381888;"0"
"243";-1,214978614019;0,160099276221015;"0"
"244";-0,477123840089922;0,888218429382357;"0"
"245";1,34643612672072;0,373347996435755;"0"
"246";-0,39282535893805;1,16665124941641;"0"
"247";-0,36866335460922;1,30937708266423;"0"
"248";-1,12171643016594;0,675249760338238;"0"
"249";0,84175198739107;0,889520399236396;"0"
"250";-0,00236375902477925;1,3495237765373;"0"
"251";-0,0520686902113009;1,42952100390006;"0"
"252";1,48919681813782;0,063915022004681;"0"
"253";-0,381246646318557;0,96319194978881;"0"
"254";-1,10722599755451;0,271328812197004;"0"
"255";-1,27934610940603;0,334390924948351;"0"
"256";1,1802340630556;0,434242552045728;"0"
"257";-0,248324808946744;1,22630548009489;"0"
"258";0,712559370455114;0,860917169258239;"0"
"259";-1,11402945622758;0,0576379862493062;"0"
"260";-1,46913815305525;0,293687594892925;"0"
"261";-1,26063858574992;0,593576151754443;"0"
"262";-0,492969798620243;1,12547001024829;"0"
"263";0,433264522140567;1,38727165133448;"0"
"264";-0,257942449180951;1,06255548921837;"0"
"265";1,42530765255877;0,372540716419596;"0"
"266";-0,746409899479255;0,78323691354396;"0"
"267";1,0871238915554;0,530211589152573;"0"
"268";0,577497105166114;1,04580652918859;"0"
"269";1,41206914749318;0,450955610550014;"0"
"270";-1,32164772139774;0,0374765146145631;"0"
"271";-0,00102313449893375;1,16543073151358;"0"
"272";0,343109040392478;1,00337335548832;"0"
"273";-0,872481208933326;0,776443896858697;"0"
"274";-1,02696359697866;0,429051602540979;"0"
"275";1,14886530354458;0,728988258959156;"0"
"276";-0,930184271583553;0,517390839618654;"0"
"277";-0,873837022867024;0,610778977837173;"0"
"278";0,403250167062571;1,12914752558072;"0"
"279";0,125109087560128;1,03208776686193;"0"
"280";0,972403332773544;0,765212633092951;"0"
"281";-1,4750674973364;0,158649286009952;"0"
"282";0,527328013331206;0,93515840287479;"0"
"283";-0,488157302461012;1,12281559948847;"0"
"284";-0,837092691995189;0,676301697565159;"0"
"285";-1,07371692436245;0,366587185214134;"0"
"286";1,14803420569559;0,0707896752100744;"0"
"287";1,16096400378515;0,062975453432826;"0"
"288";-0,739116714999082;1,29570859640338;"0"
"289";0,188748876080514;1,0340009215287;"0"
"290";-0,279422291045688;1,37969086745015;"0"
"291";-1,13767998623457;0,0767168177874478;"0"
"292";-0,936232246671063;0,714611438474171;"0"
"293";0,67854042823106;1,25145793442338;"0"
"294";0,833513745622824;1,10943608662749;"0"
"295";0,280803724112631;1,00769857045377;"0"
"296";0,75916008018764;1,23588099678833;"0"
"297";-1,18049634738954;0,582348546037189;"0"
"298";1,07274414471528;0,141525624800344;"0"
"299";1,09680763462925;0,620364397319164;"0"
"300";1,1180452274837;0,171177211475667;"0"
"301";-0,222052106213248;1,28250124709653;"0"
"302";0,0424252348485204;1,4355420593318;"0"
"303";0,446453886749341;1,3992765374451;"0"
"304";-1,16153611596565;0,168789363287995;"0"
"305";1,38312000524995;0,454012087818385;"0"
"306";1,06394334862907;0,431852860865464;"0"
"307";0,683570051719855;1,31268538640598;"0"
"308";0,240799860331638;1,46430672913076;"0"
"309";-0,387820019626691;1,12549656224735;"0"
"310";1,06752609244596;0,85979286053973;"0"
"311";-0,705492413031644;1,31341587740409;"0"
"312";-1,3291362467447;0,0339450816852869;"0"
"313";-1,09583474753712;0,021528703002692;"0"
"314";0,776779423924738;0,664334781419223;"0"
"315";0,558674272620734;1,2509428712438;"0"
"316";0,634737339829823;0,921891031894127;"0"
"317";-0,641503450385548;0,907425069363726;"0"
"318";0,798718135271884;0,608667775977111;"0"
"319";0,443570627980892;1,07584763352915;"0"
"320";1,18910646792026;0,883980895919047;"0"
"321";0,164977782180526;1,02745242717471;"0"
"322";-0,94807160445267;0,931705396688189;"0"
"323";-0,0654584991587504;1,43746448901819;"0"
"324";0,020423510618264;1,29113964464498;"0"
"325";0,781127507904951;1,14889318699393;"0"
"326";1,4871051824346;0,0143606780758894;"0"
"327";-0,34210626804622;1,42366135393264;"0"
"328";0,77742599328826;0,759972420574228;"0"
"329";0,485417537122362;1,07680289074118;"0"
"330";1,39069320728442;0,54451786107763;"0"
"331";-0,936362924721211;0,460173757799083;"0"
"332";0,284186693797338;1,18216391819459;"0"
"333";-0,369338908378111;1,29476719196435;"0"
"334";-0,264745564241945;1,29861937126421;"0"
"335";1,21635855222073;0,470054633784645;"0"
"336";-1,14268429958191;0,291616280437822;"0"
"337";-0,747308721537906;1,15853658105565;"0"
"338";0,269395438186366;1,17075982178521;"0"
"339";1,2263704689322;0,799886118121666;"0"
"340";1,17734999931509;0,822816614897561;"0"
"341";0,493429456648921;1,20814310366888;"0"
"342";0,035963000041476;1,47621386049568;"0"
"343";-0,130664427685094;1,04141874544735;"0"
"344";-1,40380933318965;0,146596676186805;"0"
"345";1,3060004675619;0,354051916135085;"0"
"346";0,586303578156086;1,24728887665979;"0"
"347";-1,11704031152337;0,503517940395907;"0"
"348";-0,46510470395815;1,0156846464918;"0"
"349";-1,18714110291675;0,137535440290446;"0"
"350";0,946799772225915;0,994878577296447;"0"
"351";0,515633990510033;1,02263237050489;"0"
"352";-0,950718130953832;0,726105801430136;"0"
"353";0,711726267883739;0,783625105547268;"0"
"354";-1,2085963020826;0,646154554200299;"0"
"355";0,877992081006425;0,985663779792999;"0"
"356";1,08158141321706;0,813166302570671;"0"
"357";-1,17535399629839;0,219676255477188;"0"
"358";-0,982867176029412;0,6658059258586;"0"
"359";-0,547744312606212;1,33057227135467;"0"
"360";1,23600640262492;0,357738384599902;"0"
"361";-0,0107967713520395;1,17795004494729;"0"
"362";1,27141187443771;0,693035122708204;"0"
"363";-0,355301854998916;0,992187576132944;"0"
"364";-0,846692384565353;0,723813991891073;"0"
"365";1,37517908790012;0,462194297788879;"0"
"366";-0,256503034948907;1,40671590900408;"0"
"367";-1,16999566271663;0,674113070465658;"0"
"368";-0,526522597733544;0,994420310433397;"0"
"369";0,964932425188534;0,818985784055441;"0"
"370";0,331407233373549;1,17471185609609;"0"
"371";-0,125961074407317;1,29999338860624;"0"
"372";-0,528412633022833;1,00546916419702;"0"
"373";-0,942196687629606;0,931749422463455;"0"
"374";-0,988620266636275;0,904982129234785;"0"
"375";-0,635673529274084;1,03105348250233;"0"
"376";0,0801907538081486;1,32641860615359;"0"
"377";-1,38643740134249;0,225599876356749;"0"
"378";0,592688262905879;1,06853474489174;"0"
"379";-0,632813413857972;1,21879987001034;"0"
"380";1,13566492075238;0,695983191709128;"0"
"381";-0,617835650207023;1,07564214311754;"0"
"382";0,83809128774777;1,06555867498354;"0"
"383";-0,826965227418839;1,15352278159901;"0"
"384";0,568444465318576;0,952907539155662;"0"
"385";-0,0884962168583973;1,18466246010676;"0"
"386";0,643477879421145;1,14171758366844;"0"
"387";-1,32289682023811;0,334548456870567;"0"
"388";1,11750538098414;0,385690793516319;"0"
"389";0,933431855368742;1,05620186638696;"0"
"390";-1,30726178875372;0,586121720935837;"0"
"391";0,779748993011788;1,12068303145121;"0"
"392";0,765657574153538;1,03333965204722;"0"
"393";0,92926372445861;1,09110569912538;"0"
"394";-0,507711352440891;1,30010504457383;"0"
"395";-0,705653073126419;0,859592034105622;"0"
"396";1,06816660625077;0,521175832251088;"0"
"397";1,05832467931604;0,958697276402045;"0"
"398";-0,0207999366447635;1,20952925245578;"0"
"399";-0,598194251428954;1,05527392470929;"0"
"400";0,10537437947775;1,20224457121827;"0"
"401";-0,919936845060092;1,09167218223367;"0"
"402";0,64788248903045;1,34399855452238;"0"
"403";-0,535051183912876;0,92576392361044;"0"
"404";-0,480771394015793;1,27711574551672;"0"
"405";1,37043307421281;0,132648808725229;"0"
"406";0,671669250579967;1,01666112797047;"0"
"407";1,41557690082684;0,0587427202393698;"0"
"408";-1,01950515802629;0,732515830762008;"0"
"409";0,535004417284925;0,933610631862675;"0"
"410";0,233845913101922;1,16470688048401;"0"
"411";-0,819943062162072;1,01380892548968;"0"
"412";-1,03426082081872;0,0165861300408379;"0"
"413";-1,03791135314756;0,877865720406144;"0"
"414";-0,533570924819853;1,11927425837381;"0"
"415";-0,819174531890655;0,981749476304209;"0"
"416";-0,131748827368197;1,38795377947755;"0"
"417";-0,226799143831437;1,20471233406311;"0"
"418";0,272946673174402;1,02664166258127;"0"
"419";-0,136517809580324;1,18264072889356;"0"
"420";0,596819560688556;0,957323310431286;"0"
"421";-0,102379045490155;1,19324504783623;"0"
"422";0,756927735083376;0,8670074810903;"0"
"423";0,697320593073887;0,860832486883217;"0"
"424";1,11214247237987;0,438545862473263;"0"
"425";-0,819702530645541;0,736012039232132;"0"
"426";-1,17006009433128;0,0138076349883436;"0"
"427";1,21514202234711;0,676338869151603;"0"
"428";-0,563972756080055;0,888213539115332;"0"
"429";0,313670656690863;1,2413318695602;"0"
"430";0,951903879488577;0,690090506852328;"0"
"431";-1,10085085477546;0,0144101067853938;"0"
"432";0,517659092131957;1,21957631131937;"0"
"433";1,13501074105836;0,466856790972209;"0"
"434";1,38947749773002;0,176693746397846;"0"
"435";-0,366607392365565;1,17696450774266;"0"
"436";-1,24269993792649;0,102671765886165;"0"
"437";1,39613752043648;0,0206218177577576;"0"
"438";-0,257965748832709;1,20873163919931;"0"
"439";1,07981058394698;0,2785397489084;"0"
"440";0,801589536008075;0,926506643483905;"0"
"441";1,23040283144398;0,461768887427678;"0"
"442";0,320272183537972;1,04261823958697;"0"
"443";-1,45989325837019;0,00942441708830064;"0"
"444";-0,350669823783778;1,17313325273636;"0"
"445";1,10173808998268;0,732971308655804;"0"
"446";1,03467358691716;0,177134439699679;"0"
"447";-0,0325703077259066;1,35276507624067;"0"
"448";-0,501706153455232;1,05828506390287;"0"
"449";-0,62727638281212;0,957989297098417;"0"
"450";1,2003417184836;0,592451771185473;"0"
"451";-1,06054093810875;0,331387332456115;"0"
"452";-1,20813372251273;0,339722813013208;"0"
"453";0,283755308358504;1,06343257728831;"0"
"454";0,621952678174459;1,36381763676974;"0"
"455";0,770815035945321;0,721205316522644;"0"
"456";1,19727308100217;0,546260132113097;"0"
"457";0,539306740316136;1,00725405807601;"0"
"458";-0,75805601124509;0,704141113108526;"0"
"459";-0,764718109015873;1,24418145430163;"0"
"460";-0,995420900803435;0,593027786884857;"0"
"461";-0,195922176398421;0,987197754583202;"0"
"462";-0,894916834904312;0,691361307688764;"0"
"463";0,0895178264328457;1,42110270156063;"0"
"464";0,286427344896731;1,11578479162933;"0"
"465";-1,01858101696121;1,0627812175476;"0"
"466";-1,15719168096975;0,80190218890497;"0"
"467";-0,342776776839764;1,30919564224291;"0"
"468";-0,459186020581054;1,12324191781075;"0"
"469";0,417292807901364;1,18532266116276;"0"
"470";-1,23506872701317;0,0298665099872263;"0"
"471";-0,71045945615292;0,89698344082601;"0"
"472";0,71675403690778;0,847163179682742;"0"
"473";0,303585499762825;1,43095683650435;"0"
"474";-0,536751938910665;1,35552545903675;"0"
"475";-1,06921152102174;0,187747239801618;"0"
"476";-0,899154587194017;0,768354910870531;"0"
"477";0,0911122079625697;1,052565986585;"0"
"478";-1,19155226219046;0,116509373233547;"0"
"479";0,991376566555078;0,68732306949754;"0"
"480";-0,0010972478836646;1,0415613941614;"0"
"481";-1,01720375781269;0,0471985903891128;"0"
"482";0,6828766260992;1,20415573137322;"0"
"483";-1,07325440350441;0,285498792867317;"0"
"484";-0,348623825727515;1,08827026343819;"0"
"485";-0,98569100975594;1,12823518551394;"0"
"486";-0,19867882248995;1,08808139382534;"0"
"487";0,182419995399348;1,26821002166591;"0"
"488";-1,3637918136522;0,298115973690141;"0"
"489";0,140966947337502;1,00945124701908;"0"
"490";-0,731943702985238;0,962481716938078;"0"
"491";-0,911477938284748;0,442531744061951;"0"
"492";0,137021813577948;1,27952271390947;"0"
"493";-0,74652196941814;0,949912626968941;"0"
"494";-1,37211610544458;0,310824222066477;"0"
"495";0,226349708679159;1,45136129029239;"0"
"496";1,0137390761374;1,05217327099491;"0"
"497";-1,05942541187881;0,155734296291904;"0"
"498";-1,02367777110909;0,657340205115647;"0"
"499";1,19212803809376;0,347511348524231;"0"
"500";-1,10821183008244;0,20809598500465;"0"
"501";-0,31037874480132;1,05154357987402;"0"
"502";0,958947809726725;0,359947309016458;"0"
"503";-0,301113297405873;1,04582738860024;"0"
"504";-0,938450515903317;0,891283231512467;"0"
"505";1,04075144388218;0,717769773584482;"0"
"506";1,27710266209161;0,479647137431921;"0"
"507";-0,908350216863223;0,568571862075217;"0"
"508";-0,0770171646316177;1,11502085637548;"0"
"509";-1,04806363276248;0,0712934187736761;"0"
"510";0,746364254278217;1,28720109189387;"0"
"511";0,929567559196857;1,02098873608491;"0"
"512";0,104164037250152;1,25929491906046;"0"
"513";-1,15117711912849;0,390781392016997;"0"
"514";0,98582768723578;0,546605113364515;"0"
"515";0,0127171035928963;1,15232911415967;"0"
"516";0,125590306692129;1,30760211439497;"0"
"517";0,311745029144004;1,36623995252595;"0"
"518";-0,987185075236835;0,891981681162054;"0"
"519";0,912465749745496;0,644217966494556;"0"
"520";0,579430363791283;0,823375791507254;"0"
"521";-1,28518884008067;0,0662566607502266;"0"
"522";1,2270827331454;0,725580782043984;"0"
"523";0,825195238273304;1,14658915477528;"0"
"524";-0,145385482536082;1,25808681929493;"0"
"525";0,0154906257168392;1,22998474234503;"0"
"526";0,649937914198356;1,14201681637098;"0"
"527";0,640931150642828;1,08583642950334;"0"
"528";-0,636135763289609;0,909718196100456;"0"
"529";-1,16008702109543;0,289195349159314;"0"
"530";0,62497283111498;1,32043429419986;"0"
"531";-1,12575146845205;0,0450530834679581;"0"
"532";1,36566750297218;0,122234759830215;"0"
"533";0,170561688492636;0,999829991677429;"0"
"534";-1,05358017779156;0,882756897083097;"0"
"535";0,452887798810882;1,23442605888932;"0"
"536";-0,216561701887082;1,3892755641799;"0"
"537";1,14768235390317;0,104665083970878;"0"
"538";-0,884127594093625;0,527667566284614;"0"
"539";-1,14058284511057;0,869058597416812;"0"
"540";0,749247156501603;1,20282477737501;"0"
"541";0,929967337275283;0,592763682195115;"0"
"542";0,646531464251142;1,32129951933047;"0"
"543";1,43050111480641;0,174755058070134;"0"
"544";1,03763790231378;0,687898729638165;"0"
"545";0,537200018009503;1,35888745191035;"0"
"546";-1,22010231454026;0,515665985892658;"0"
"547";-1,20372294123552;0,224898168599796;"0"
"548";0,781040362456006;1,15586373528062;"0"
"549";-1,07404660420649;0,160697233583254;"0"
"550";-0,808540625066984;0,808913778484821;"0"
"551";-1,0124292240318;0,214211008078221;"0"
"552";1,34957396790489;0,0751563004355295;"0"
"553";-0,17801538891643;1,1708445288999;"0"
"554";0,132429210561539;1,18009692938276;"0"
"555";-0,667274182062382;0,96559665084608;"0"
"556";0,342593126359479;1,28696726527463;"0"
"557";1,0174238954009;0,732213761407899;"0"
"558";1,20206014331326;0,258152977364822;"0"
"559";-0,0499213566975897;1,39400711470094;"0"
"560";0,679229569093625;0,745653056433326;"0"
"561";1,1355462740933;0,243426485202272;"0"
"562";-1,26987958406755;0,0124280320255612;"0"
"563";-0,333660443605544;1,1663133486337;"0"
"564";-0,211910190434953;1,07270206552863;"0"
"565";-1,38709880546344;0,0316166692352599;"0"
"566";0,613270710792792;0,888727639582335;"0"
"567";-1,22195266366722;0,151454463557243;"0"
"568";1,20202240158557;0,0765212179533438;"0"
"569";1,03652247479343;0,316865114279254;"0"
"570";0,833781435231701;1,08252538400698;"0"
"571";-0,491424136335823;1,37717209749024;"0"
"572";-1,01805082675682;0,720707979088132;"0"
"573";-1,15517259742222;0,0184175273867297;"0"
"574";-0,915254595377461;0,610118809867617;"0"
"575";0,458983538764669;1,10824468319127;"0"
"576";0,455933511396232;1,05773829024102;"0"
"577";0,668050928563745;1,31863011869701;"0"
"578";0,813309051531459;1,03712662371706;"0"
"579";0,747139947390071;0,932251415467537;"0"
"580";-0,0954457479106273;1,42322635790169;"0"
"581";-0,515489899785064;1,36170020906159;"0"
"582";-0,841063444857955;0,89600197426653;"0"
"583";-0,145366406035739;1,37277613620629;"0"
"584";0,494369937250952;1,11277025287206;"0"
"585";1,33566132960251;0,419690404697624;"0"
"586";-0,781962981733318;0,912461404699324;"0"
"587";0,407837203528664;1,35372883227432;"0"
"588";-0,917330195885407;0,809272984526966;"0"
"589";-1,41179311160014;0,220571456872517;"0"
"590";1,20015913376068;0,388953198679735;"0"
"591";-0,068303617793954;1,0489027312812;"0"
"592";0,831792095430513;0,727668233651107;"0"
"593";-1,16481912904008;0,0523574417325088;"0"
"594";0,4238560119053;1,39392934558991;"0"
"595";-0,476459532821816;1,00548319040838;"0"
"596";1,29105407080794;0,688205777845289;"0"
"597";0,768725602475033;0,832195046075268;"0"
"598";1,12785169711629;0,47736449614247;"0"
"599";-0,792968439052387;0,804865458849056;"0"
"600";-0,097543825344325;1,25810943286274;"0"
"601";-1,02246746028209;0,530084613219393;"0"
"602";-0,927048323986937;0,689124992493657;"0"
"603";-0,64496957922594;1,19708922440492;"0"
"604";-0,152023842632403;1,43661714067704;"0"
"605";-0,759629365300949;1,14000377249196;"0"
"606";0,0652719947850217;1,44148060075746;"0"
"607";-0,2478515973322;1,36930619150914;"0"
"608";-0,798293410049927;0,836712432317317;"0"
"609";0,861355595856;0,639284944225336;"0"
"610";0,931005653547844;0,996270858942522;"0"
"611";-0,0196797897205552;1,48215924196062;"0"
"612";-1,06000997190285;0,831618121661159;"0"
"613";0,62120802442536;1,27631062708734;"0"
"614";-0,392556962808664;1,02990197554382;"0"
"615";-1,29150770191016;0,56678646109877;"0"
"616";-0,209779230312489;1,26590148561868;"0"
"617";-0,209664764152528;1,23119809349058;"0"
"618";0,52625716730805;0,875863629299385;"0"
"619";-1,36859357808742;0,592668104018335;"0"
"620";-0,861836766603092;0,722747292040962;"0"
"621";-1,37195610224889;0,0309162298935611;"0"
"622";0,513189833447893;0,994808950418451;"0"
"623";-1,07935885293153;0,369951413541701;"0"
"624";-0,471972432791745;1,14393908783547;"0"
"625";1,12042893799292;0,885338787456953;"0"
"626";0,160776125326296;1,33402813381562;"0"
"627";1,07478583970703;0,653772801914219;"0"
"628";-1,22326328305406;0,464998275636652;"0"
"629";1,14286916523017;0,142548067298788;"0"
"630";0,339209218090183;1,41044274663427;"0"
"631";1,04045885565311;0,25727982816269;"0"
"632";0,229997297248866;1,0355106401005;"0"
"633";0,235082161418509;1,1600142804797;"0"
"634";-0,731789229422095;0,979014677359423;"0"
"635";1,13964125283323;0,802723740172354;"0"
"636";-0,232937342315201;1,12353691111232;"0"
"637";-0,0361302023486606;1,10676073913606;"0"
"638";1,0141027949273;0,375957165009082;"0"
"639";0,46486997407697;0,912505589415701;"0"
"640";0,321050342327955;1,02884760128678;"0"
"641";-0,926755582287145;0,777081988496347;"0"
"642";-0,773700588705413;0,78466319293071;"0"
"643";0,897988922681754;0,571784300429506;"0"
"644";0,636251515517982;1,33494429437886;"0"
"645";1,32358189118638;0,207665432702727;"0"
"646";1,09835548481259;0,551860038820382;"0"
"647";-0,97209165250857;0,678099770595055;"0"
"648";0,872976440538565;0,636266753426656;"0"
"649";-1,17637590352482;0,303778035933396;"0"
"650";0,0715633700510316;1,41960068323082;"0"
"651";-0,317508858906785;1,26420966612113;"0"
"652";-1,10661091383168;0,0622966188499086;"0"
"653";-0,761378834471259;1,10970475016059;"0"
"654";-0,820094129148995;1,08091229774949;"0"
"655";-1,38746455212955;0,486567995628102;"0"
"656";0,281683421665887;1,02987533110187;"0"
"657";-1,02078617551121;0,84942379688339;"0"
"658";1,00407093299136;0,346232930688649;"0"
"659";0,844559111246905;0,864675168888434;"0"
"660";-0,0770110344396958;1,27020436079397;"0"
"661";-1,04237142829216;0,655114218716716;"0"
"662";1,1001820557416;0,15403690515692;"0"
"663";-1,09516100640995;0,545122643722027;"0"
"664";1,09278568008804;0,799510561660124;"0"
"665";-0,862038708942298;0,781803617938897;"0"
"666";-0,833019693931857;1,04370492744461;"0"
"667";-1,00122520514991;1,10843475003244;"0"
"668";0,769383633566022;1,13382590585156;"0"
"669";-0,232674510976657;1,09571601801857;"0"
"670";0,991223969156216;0,303117804606879;"0"
"671";-1,05841575382315;0,850698298315856;"0"
"672";-1,33769694990516;0,0634049060636007;"0"
"673";0,139777398129917;1,23511513218633;"0"
"674";1,21581244874586;0,150240772780778;"0"
"675";-1,47768823029415;0,1409402297668;"0"
"676";-0,559326368290255;1,27616212575593;"0"
"677";-0,202246252245555;1,38646923612776;"0"
"678";0,821736807319974;0,741150478271794;"0"
"679";-0,871703289250744;1,07265961290886;"0"
"680";1,15297370449571;0,70840877369897;"0"
"681";0,894224691370044;0,552660294480943;"0"
"682";-0,976584299320441;0,709100760326608;"0"
"683";-0,579543686118461;1,30055596049832;"0"
"684";0,886828197837084;0,544967800612277;"0"
"685";1,17407575997745;0,911601129274018;"0"
"686";-1,10521277549763;0,853741352325011;"0"
"687";-0,764018833249848;0,88462786268152;"0"
"688";-1,44476919347085;0,125913361003192;"0"
"689";1,30084877435037;0,282763190217189;"0"
"690";1,07538526156553;0,249506909382906;"0"
"691";0,681873383280548;1,28521625754423;"0"
"692";-0,72556183606489;1,04625341006295;"0"
"693";0,487226798289282;1,05657076389957;"0"
"694";0,0978049530087863;1,07296650659452;"0"
"695";-0,772846954984289;0,729916119958156;"0"
"696";-1,28941060472745;0,400283865304226;"0"
"697";1,15620588052803;0,183820723043577;"0"
"698";0,930819865091756;0,445021952726639;"0"
"699";-0,790324326135868;1,10535680268281;"0"
"700";-0,503374652868541;1,0117542532614;"0"
"701";-0,301056306144882;1,08920103544224;"0"
"702";0,749390550506548;0,956965607620353;"0"
"703";-1,19673241127147;0,668680952162006;"0"
"704";-0,994541075323523;0,523992272301045;"0"
"705";0,61564887160483;1,14038315196857;"0"
"706";1,32201825388465;0,332686627838694;"0"
"707";0,453054811388719;0,933725709453265;"0"
"708";-0,901082671215187;0,565109446830949;"0"
"709";-0,958059279541673;0,297636995531023;"0"
"710";-0,395356215673472;1,17934517601512;"0"
"711";-0,146944666670243;1,02247347676162;"0"
"712";-0,878597650701182;0,599834201624813;"0"
"713";1,20399094149623;0,315748394665282;"0"
"714";-0,870683223709454;0,516351818648411;"0"
"715";0,902552468466719;1,14588811009228;"0"
"716";0,136546588049087;1,40915649154602;"0"
"717";1,20451579138456;0,185197094702274;"0"
"718";-1,26799397762222;0,5899843775544;"0"
"719";-1,35892271599647;0,0131999481501315;"0"
"720";-1,24793750255152;0,701513173183934;"0"
"721";1,03889250279699;0,113454391395839;"0"
"722";0,757471264903866;0,80296523938105;"0"
"723";0,371661850203883;1,16257454287467;"0"
"724";-0,581864622862553;0,943405051394502;"0"
"725";-1,17782028467458;0,155897471595343;"0"
"726";-0,120532637823032;1,07799492954015;"0"
"727";0,865035950554582;0,801566644824084;"0"
"728";-0,660595003263021;1,07128568462525;"0"
"729";0,977739493519893;0,453211271173529;"0"
"730";1,44060162714854;0,396363930697001;"0"
"731";0,0585146958854206;1,15273856386917;"0"
"732";-0,601119925101063;1,29836148029769;"0"
"733";-0,608500147026542;0,994924420607395;"0"
"734";0,663894859429799;0,913402012730657;"0"
"735";-0,520150636648326;0,963035455928841;"0"
"736";-1,02748282999396;1,0688440683017;"0"
"737";-1,12645966270141;0,135060536273836;"0"
"738";1,0078742434367;0,598374699343107;"0"
"739";-1,03843278335507;0,737199709084931;"0"
"740";1,10965193468333;0,425433944998402;"0"
"741";1,05396894698133;0,376031787066398;"0"
"742";-1,10562591858277;0,312824446149204;"0"
"743";1,05605145534333;0,0284570984720831;"0"
"744";0,0237803656914185;1,31018929447444;"0"
"745";-0,0233445694265646;1,16524722586931;"0"
"746";-1,00831066597134;0,999315368402725;"0"
"747";0,820529145018137;1,16171607273675;"0"
"748";-0,954770345185577;0,66908282823334;"0"
"749";0,390014791697171;1,03393630313299;"0"
"750";-1,3345456123382;0,0901017649737033;"0"
"751";1,40362060588973;0,13125500287341;"0"
"752";-0,848157215846395;0,938210274785795;"0"
"753";-0,767886286504742;0,683662804255965;"0"
"754";-1,40581574602651;0,022727423268267;"0"
"755";1,23551140177518;0,277718915242622;"0"
"756";0,510973689629954;0,905122521812885;"0"
"757";-0,167007942943971;1,07637764407961;"0"
"758";1,29074444048465;0,0213936062096719;"0"
"759";-0,990480556877626;0,998339205613276;"0"
"760";1,24612235422354;0,470054864770134;"0"
"761";-0,43072801066536;1,38723045103826;"0"
"762";-0,81102209277915;0,669172217280339;"0"
"763";0,262760258462414;1,02963223674497;"0"
"764";0,100348368137827;1,31040214403447;"0"
"765";1,38966436231445;0,489894303077089;"0"
"766";-0,983882775606109;0,424551354780182;"0"
"767";-1,44822133610978;0,272102161516533;"0"
"768";0,53380041769792;0,958397156303056;"0"
"769";-0,158449714472182;1,31528687094557;"0"
"770";-0,914921848117817;0,60730011115509;"0"
"771";0,64540251280147;0,777994872562412;"0"
"772";1,06386998319755;0,656795483237124;"0"
"773";0,516617672775184;1,16478574551897;"0"
"774";0,615963373352063;1,02191533426665;"0"
"775";-1,02954069749637;0,828583689905574;"0"
"776";0,11713692153253;1,08819490761702;"0"
"777";-0,600738877291199;0,839698771365965;"0"
"778";-0,904905261834082;0,456466877203903;"0"
"779";1,32214397530018;0,493632471813586;"0"
"780";1,29982083048931;0,0652864546458764;"0"
"781";-0,228419574195579;1,34300398390585;"0"
"782";-0,675296673879468;1,20699197993357;"0"
"783";0,756423214067724;0,776057765971321;"0"
"784";1,02131870306795;0,176329736146698;"0"
"785";1,49075206045561;0,0659711893124514;"0"
"786";1,40889651021369;0,0798735705857163;"0"
"787";1,14028041123553;0,562931430492572;"0"
"788";1,27122168679565;0,301396235728384;"0"
"789";-1,06387850972045;0,63328221717206;"0"
"790";-1,14611996367413;0,00393035448041165;"0"
"791";1,05162631169059;0,492534812657379;"0"
"792";1,38228059340211;0,433274664817323;"0"
"793";-0,607077267140075;1,13088881726716;"0"
"794";-1,34575190325227;0,482467979235631;"0"
"795";-0,0677601277166919;1,05860201630055;"0"
"796";-0,687338408068772;0,924315521994224;"0"
"797";-0,207782890751044;1,34245132717659;"0"
"798";-1,13754391764144;0,162253247029205;"0"
"799";-0,360836426896605;1,02188988832024;"0"
"800";0,812604607589423;0,720906645981017;"0"
"801";1,19856756328328;0,710695944712588;"0"
"802";-1,17448898662157;0,636963548435035;"0"
"803";-0,364607146030758;1,43026209111417;"0"
"804";-1,0627914758889;0,733971528011484;"0"
"805";0,659273773503565;1,06628618988691;"0"
"806";-1,04527285418096;0,123827287934308;"0"
"807";-0,0556886120057055;1,11822230392728;"0"
"808";0,577686945369148;1,09705029693031;"0"
"809";-0,983542874968426;0,965144296894308;"0"
"810";-0,708742262640827;0,843770729438349;"0"
"811";0,459844886082904;1,15343817020855;"0"
"812";-0,301691339305492;1,29944847816322;"0"
"813";0,952996612101433;1,06399506932289;"0"
"814";0,993376649190749;0,466475046964374;"0"
"815";0,457867866336817;1,15470368317283;"0"
"816";0,827225875946676;1,180295396609;"0"
"817";0,833145932364257;0,857503555550708;"0"
"818";-1,34944838122798;0,472873301110815;"0"
"819";-1,08640612724259;0,325176517080871;"0"
"820";0,764704644734264;1,0251525537361;"0"
"821";-0,948045160798399;0,737485117746942;"0"
"822";-0,374215043360165;1,11816935620016;"0"
"823";-1,35688395410776;0,0162335316501111;"0"
"824";-1,11109396114081;0,303115022664309;"0"
"825";0,577123712306948;0,913556082016424;"0"
"826";-0,367461851512489;1,26558858058044;"0"
"827";-1,08427612868288;0,017344924984255;"0"
"828";-0,670681110618739;1,05612098418132;"0"
"829";0,861908788650906;0,81649081323532;"0"
"830";-1,31387229086379;0,558152384945048;"0"
"831";-0,661710613284116;0,99305394272164;"0"
"832";-0,91382546369455;0,770432121571391;"0"
"833";1,0430702791341;0,28402889253076;"0"
"834";0,658886801003083;1,06279522891426;"0"
"835";-0,61369768102699;0,848330448007624;"0"
"836";-0,276378703219607;1,46078414188454;"0"
"837";-0,579947732333147;1,11819212018372;"0"
"838";1,42842253754564;0,111318093300148;"0"
"839";-0,560661161949442;1,06533288839732;"0"
"840";-1,36748930038554;0,115639582245511;"0"
"841";-1,02624180312019;0,64863668671137;"0"
"842";0,525471211349199;1,18568392683095;"0"
"843";0,60357112676466;0,971077469421838;"0"
"844";1,14469944904245;0,721317892884006;"0"
"845";0,14806550493691;1,14325068600919;"0"
"846";1,2251606500419;0,49905461013891;"0"
"847";-1,03171682494848;0,55032128341858;"0"
"848";-1,04152697167717;0,246348284571629;"0"
"849";0,895733654137789;0,673538391948767;"0"
"850";0,308928694964202;1,41394910330743;"0"
"851";1,00342077927705;0,141259490354606;"0"
"852";1,1053216820167;0,667153367037853;"0"
"853";-0,262842543211479;1,14042516959229;"0"
"854";1,4518666299789;0,0444491926676151;"0"
"855";0,775764442442677;1,16357832848251;"0"
"856";-0,520865465858269;1,02601402620102;"0"
"857";1,20688286645873;0,284079983199942;"0"
"858";1,04738201444053;0,1309486121112;"0"
"859";-1,00825691707552;0,918131117223465;"0"
"860";1,21532638004434;0,329741350472161;"0"
"861";0,0822589392076687;1,29282876703669;"0"
"862";-1,15652968868623;0,172605622733638;"0"
"863";-1,11086786778909;0,227138428281188;"0"
"864";1,28439017349427;0,383684553904088;"0"
"865";-0,305046000986169;1,22986996291495;"0"
"866";-1,32573106900085;0,0524300870066315;"0"
"867";0,674834246945286;0,777312360267227;"0"
"868";-1,4501663649869;0,115048530845805;"0"
"869";0,403713176127248;1,41749494685981;"0"
"870";-1,25915789590585;0,0972150153284423;"0"
"871";0,927799274276489;1,0842359783489;"0"
"872";0,733497897550626;0,855417960239786;"0"
"873";-0,405054568160114;0,940054372051815;"0"
"874";-0,282259333648743;1,07387018824084;"0"
"875";1,46092479866226;0,0442128270403788;"0"
"876";1,06496166394023;0,463530436984963;"0"
"877";1,11918276118342;0,64445582438564;"0"
"878";1,01174421029193;0,820541815937376;"0"
"879";-0,115912441661409;1,32059067931597;"0"
"880";-0,140026590162338;1,23304593400719;"0"
"881";1,1065568457279;0,32084480928603;"0"
"882";0,565161872796847;1,37185814384792;"0"
"883";1,12146250546389;0,104576124356774;"0"
"884";-0,983932025641029;0,507056044005132;"0"
"885";-1,27397129234689;0,62535489021216;"0"
"886";-0,0812592269497164;1,42322433915477;"0"
"887";-0,848818035183671;0,701074185077358;"0"
"888";-1,13438389601585;0,708094418200225;"0"
"889";0,616843594201075;0,840644748407159;"0"
"890";-0,709930318141955;0,891490184010039;"0"
"891";1,20835863604844;0,242558202185534;"0"
"892";0,342227090671425;1,08406176808346;"0"
"893";0,39967633356729;1,06890035735216;"0"
"894";0,636214313623726;1,35088953530927;"0"
"895";-0,999339327439031;0,561375277160945;"0"
"896";1,24003537405389;0,401993383842484;"0"
"897";0,879814563375229;0,508501295567462;"0"
"898";1,02569767770732;0,130239117962748;"0"
"899";-0,630445532177275;1,31424225370291;"0"
"900";0,316634614975458;0,95178873064484;"0"
"901";-1,14815609213802;0,586960382835416;"0"
"902";-0,900532013968499;0,723644427491924;"0"
"903";0,959489870556609;0,388919352859786;"0"
"904";0,815328023831052;1,07991993338612;"0"
"905";0,487774820130348;1,17793299240808;"0"
"906";-1,0757117794965;0,0440406274661145;"0"
"907";-0,651309463756567;1,08071989207427;"0"
"908";0,383315745936495;1,08277683738574;"0"
"909";-1,26581386256539;0,503766475135156;"0"
"910";0,0814637137272061;1,04114449616115;"0"
"911";-1,07981439258536;0,47984152912158;"0"
"912";-1,18152423211109;0,545627299487434;"0"
"913";1,09949662493921;0,524296393848392;"0"
"914";0,993393188284084;0,674904569134548;"0"
"915";-0,910908562193451;0,824179682629141;"0"
"916";0,730340667194188;0,761228045964332;"0"
"917";-0,178966929183767;1,47144837372203;"0"
"918";-0,516212382621799;1,00151340656792;"0"
"919";-1,1470497700563;0,826769244879977;"0"
"920";1,28480049148672;0,719929370015755;"0"
"921";1,13681029426522;0,551021998417558;"0"
"922";0,522811400876245;1,11142353328747;"0"
"923";-0,545404781953032;0,980794020400742;"0"
"924";1,23439747054086;0,525439981315559;"0"
"925";1,30736840195604;0,333162262577298;"0"
"926";0,785503069663644;0,796458150795581;"0"
"927";0,585467110082459;1,29679647469332;"0"
"928";0,570496598028611;0,878880816992628;"0"
"929";1,29828380350334;0,213791157186241;"0"
"930";-0,842401144879919;1,01757316175181;"0"
"931";-1,08449396185817;0,255214959230585;"0"
"932";1,44766024863606;0,0358420082801279;"0"
"933";0,408572608649967;1,13759531061514;"0"
"934";1,3698961838996;0,460980375407743;"0"
"935";-0,8718459324391;1,11173898620786;"0"
"936";-0,493072882922413;0,979542477928541;"0"
"937";-1,15522348209201;0,497298159358395;"0"
"938";-0,976031931830808;0,759033327796638;"0"
"939";0,649796117152469;0,854048842831884;"0"
"940";0,0163025503019671;1,10772780197915;"0"
"941";0,381319732960903;1,3503154568559;"0"
"942";-0,320069073487539;1,24829219356432;"0"
"943";-0,579875922272045;0,862430424963069;"0"
"944";-1,11410714430899;0,0781804691430347;"0"
"945";0,990135635250061;0,597019458219887;"0"
"946";-1,16470624276857;0,430097982248436;"0"
"947";1,14908566786284;0,0159703141121016;"0"
"948";0,812464668079917;0,684487672799602;"0"
"949";-1,2301292200664;0,654517561911807;"0"
"950";-0,802608963539736;0,907424226328071;"0"
"951";-0,630895392562904;1,10457842349697;"0"
"952";-0,273957336086297;1,1281071905657;"0"
"953";1,17192937612974;0,818939907165684;"0"
"954";-0,761884085757263;0,768789860570929;"0"
"955";-0,912969119599371;0,427500725038791;"0"
"956";0,0543986939064404;1,01007927598391;"0"
"957";0,0546934176114306;1,23670538495111;"0"
"958";-0,604209559466838;0,894134351147977;"0"
"959";0,346166455593541;1,01308266945251;"0"
"960";0,964431458182192;0,552720362726843;"0"
"961";-0,841803753572049;0,939161050392775;"0"
"962";-0,234765036796836;1,11825092255155;"0"
"963";-0,34332205992791;1,42673319902017;"0"
"964";0,469961897043312;1,29671385841981;"0"
"965";-1,0313377764773;0,472982440434207;"0"
"966";0,0486792657474909;1,2409365774248;"0"
"967";-0,368186841151189;1,19154978887995;"0"
"968";-0,121143322692019;1,24449856309339;"0"
"969";1,44330900881176;0,225795868329867;"0"
"970";-0,995292249133861;0,398940426450402;"0"
"971";-0,0631322112401238;1,49443413282838;"0"
"972";1,02509903840518;0,332046182651166;"0"
"973";-0,626715644319352;1,17428290128403;"0"
"974";0,776912599107149;0,637683091111452;"0"
"975";-0,687859917871234;1,27043987310882;"0"
"976";1,03240955323098;0,294951225570558;"0"
"977";-1,41167957009166;0,179254377694282;"0"
"978";0,324309353681427;1,02642836887636;"0"
"979";1,31632257928051;0,278738326392633;"0"
"980";-0,723028968574468;0,853901061498938;"0"
"981";0,86716930661897;1,05517560283298;"0"
"982";0,790545814938431;1,16188971199613;"0"
"983";-1,33144224224616;0,208043147235138;"0"
"984";1,40317541285786;0,393063787745222;"0"
"985";-1,14046332084127;0,495260747910941;"0"
"986";-0,603626269944795;1,32582397563169;"0"
"987";0,0479189847268831;1,15218555127412;"0"
"988";-0,725750410677269;0,721000126342857;"0"
"989";-1,26013614001367;0,748686446731753;"0"
"990";-0,819172201524202;0,623894609964107;"0"
"991";-1,11627445974387;0,986914299721085;"0"
"992";1,0302603737174;0,777031830351835;"0"
"993";0,83344292579575;0,638890389166982;"0"
"994";1,20279378583981;0,0771237873910104;"0"
"995";0,820400655317306;1,12112180594179;"0"
"996";-1,17834533577573;0,57395660281192;"0"
"997";0,163094514782764;1,44891275770199;"0"
"998";-1,37893162064419;0,102566360341892;"0"
"999";0,0647167812669805;1,33504958697919;"0"
"1000";-1,19062421550507;0,041686956903355;"0"
"1001";-0,0666627466280427;0,613957684099851;"1"
"1002";2,58882006026303;0,518585920551455;"1"
"1003";-0,129250861635278;0,288049371531542;"1"
"1004";1,57208315238013;-0,230663122233031;"1"
"1005";2,04435743317801;0,0921051476351538;"1"
"1006";2,29625063178614;0,451107972183965;"1"
"1007";2,6599726550708;0,573062618891649;"1"
"1008";2,19834021846111;0,188759684702346;"1"
"1009";0,270785789395998;0,580180837051021;"1"
"1010";-0,0535664801676583;0,763527129553551;"1"
"1011";0,316976354303232;0,190425839632822;"1"
"1012";0,645364835064513;-0,0253596107947655;"1"
"1013";0,31975726325495;-0,285629110082831;"1"
"1014";0,517643627920443;0,0975945749571321;"1"
"1015";2,68715957494692;0,729284624586931;"1"
"1016";0,189302990675039;0,539105847571337;"1"
"1017";0,0949887545027301;0,496043147181985;"1"
"1018";2,47580054973715;-0,00533787109139494;"1"
"1019";2,05025558534292;-0,0131527473017601;"1"
"1020";1,96057375595232;0,0156329397490887;"1"
"1021";2,43759617912623;0,785556127224751;"1"
"1022";1,38646454073204;-0,490496456086248;"1"
"1023";1,08909823810728;-0,353471163606117;"1"
"1024";0,363404657800416;-0,380243011514487;"1"
"1025";2,66528721245071;0,470389197131031;"1"
"1026";2,13171107471754;0,0289255784715741;"1"
"1027";1,71468424760003;-0,253981536771676;"1"
"1028";1,30564833184663;-0,442887907969063;"1"
"1029";2,22074891295805;0,352590267136567;"1"
"1030";2,3913663276246;0,638890185472842;"1"
"1031";1,92085129002607;-0,237650622307174;"1"
"1032";0,0927590657812472;0,151823406837702;"1"
"1033";1,11156762528461;-0,425898106648104;"1"
"1034";1,66555235229096;-0,161769836049598;"1"
"1035";1,80385273681732;-0,0487603781310939;"1"
"1036";0,000844997026935745;0,681083054882411;"1"
"1037";2,45782429707812;0,369649164878417;"1"
"1038";1,36570498256026;-0,251654274174329;"1"
"1039";0,0268830432781331;0,108497845745416;"1"
"1040";2,27811092280767;0,112270663930235;"1"
"1041";1,53446566045942;-0,16597996061888;"1"
"1042";1,40604745874664;-0,296478796079005;"1"
"1043";0,418271042761215;0,167413797416147;"1"
"1044";0,620755919636055;-0,435304895761853;"1"
"1045";2,02548690291449;0,0616060773899735;"1"
"1046";0,198049672741018;0,549234105506133;"1"
"1047";2,02231032658682;-0,482699060700664;"1"
"1048";1,39242198131354;-0,674319949906557;"1"
"1049";-0,132973315801572;0,550545216005;"1"
"1050";2,2570151176982;0,544281655398626;"1"
"1051";1,29890302650309;-0,213492716090158;"1"
"1052";1,36798233367922;-0,29882429038838;"1"
"1053";2,3874995349389;0,532822987005863;"1"
"1054";2,46310399181999;0,391139406020716;"1"
"1055";0,371535222461436;-0,0377267761802008;"1"
"1056";-0,0110200660480213;0,361028838999328;"1"
"1057";0,917157094494448;-0,430304510066934;"1"
"1058";0,941814348205148;-0,221557518296221;"1"
"1059";1,84973674038309;-0,106700998907099;"1"
"1060";0,531164191463899;-0,483685416830076;"1"
"1061";0,830178639610657;-0,292860478789598;"1"
"1062";1,49113075869956;-0,210923975197044;"1"
"1063";2,24707079242616;0,663045807292394;"1"
"1064";2,24977524353693;0,154755120869237;"1"
"1065";1,94223113248944;0,059730308243035;"1"
"1066";0,803134461452462;-0,268286032487363;"1"
"1067";1,42220615386831;-0,673828583300483;"1"
"1068";0,377408456626614;-0,26535218575341;"1"
"1069";0,217776255387282;0,523742657918957;"1"
"1070";1,66379835983264;-0,369185000962751;"1"
"1071";0,122820694779432;0,759681708038724;"1"
"1072";1,30812146754934;-0,696678144663176;"1"
"1073";2,11648783902561;-0,213290244559022;"1"
"1074";1,79559690386662;-0,15768443281247;"1"
"1075";0,214472250373351;0,182903082271449;"1"
"1076";-0,0516220170436041;0,125671122247033;"1"
"1077";2,25943531284573;0,554695861506895;"1"
"1078";0,893177600464758;-0,223980805121483;"1"
"1079";1,9616274729916;-0,0665910235232542;"1"
"1080";0,0821887807779669;0,39132350586531;"1"
"1081";-0,16868553177626;0,409616174515194;"1"
"1082";2,37751315278052;0,700791498374265;"1"
"1083";1,88556588628184;-0,438001032522556;"1"
"1084";2,42787835238431;0,435045744857907;"1"
"1085";2,21807559706737;0,518944404660422;"1"
"1086";-0,0798618200972421;0,454013971876528;"1"
"1087";1,7646552354268;-0,166006024554976;"1"
"1088";2,29267714610357;-0,0624530272845312;"1"
"1089";2,25579449765089;0,68251522518969;"1"
"1090";0,0406221033997225;0,768361107882305;"1"
"1091";0,418660867015724;0,236055518769386;"1"
"1092";-0,0146261234747123;0,400572291460815;"1"
"1093";1,49879715183567;-0,258012392950785;"1"
"1094";0,604110386534045;-0,278559290373572;"1"
"1095";2,08573642959077;0,173085059039077;"1"
"1096";2,26251431833961;0,727795731131437;"1"
"1097";0,123636554330522;-0,0610161106274719;"1"
"1098";2,35796527579661;0,0603526845711426;"1"
"1099";0,174032760320282;0,205647643651883;"1"
"1100";0,592600941402373;-0,41972899934332;"1"
"1101";-0,0792601239351085;0,62956866301933;"1"
"1102";0,00780694937908555;0,625844495308761;"1"
"1103";0,989947358994981;-0,400006046613159;"1"
"1104";0,0313806740429488;-0,0619007737212494;"1"
"1105";0,929105225845647;-0,25658322044981;"1"
"1106";1,25586334682453;-0,436032586202206;"1"
"1107";2,23524293131572;-0,315737671295591;"1"
"1108";2,38790083512606;0,670198030100199;"1"
"1109";1,24259893581177;-0,63034873759469;"1"
"1110";2,48930963239258;0,12666853126988;"1"
"1111";0,961021444784052;-0,303516832526754;"1"
"1112";0,699171488739423;-0,0827378090355196;"1"
"1113";1,76642329422133;-0,177583827987142;"1"
"1114";1,82873209286008;-0,234696954885945;"1"
"1115";2,61892615867342;0,367262534646049;"1"
"1116";2,4447259139798;0,482174366900814;"1"
"1117";-0,144162798197122;0,483206836301344;"1"
"1118";2,62717064694085;0,454947021009688;"1"
"1119";1,29992495691691;-0,516367034932524;"1"
"1120";1,18435070797433;-0,211343763751514;"1"
"1121";-0,186811991552886;0,382214415031164;"1"
"1122";1,68080457276602;-0,290895765219273;"1"
"1123";1,18503498912899;-0,413847177297116;"1"
"1124";2,55909930089934;0,25201841382202;"1"
"1125";0,379651133189213;0,221851305143032;"1"
"1126";2,26451626391091;0,592731365716269;"1"
"1127";2,20814305042261;0,505147311996107;"1"
"1128";2,33722529018031;0,715348330092009;"1"
"1129";0,020304696373393;0,146715786721774;"1"
"1130";0,153363628433846;-0,1719789544309;"1"
"1131";1,63799968164787;-0,616901895602971;"1"
"1132";2,16305764661588;0,0866827949659333;"1"
"1133";-0,0404429529182755;0,662574747821516;"1"
"1134";2,52883848883673;0,13582804875729;"1"
"1135";2,02682261942195;-0,233415250545915;"1"
"1136";1,11763694492129;-0,35719524291334;"1"
"1137";0,0465865712788012;-0,0257038650236631;"1"
"1138";0,461808582650888;-0,261838442607796;"1"
"1139";1,19305550707544;-0,368065036743515;"1"
"1140";2,15490770041978;0,328715087317928;"1"
"1141";2,20004645622856;-0,11818851954445;"1"
"1142";-0,138144210764033;0,545409847016384;"1"
"1143";0,772554174599598;-0,620269312005496;"1"
"1144";1,03870741766251;-0,314887770242131;"1"
"1145";0,173726292659791;-0,0152381828583833;"1"
"1146";0,0277230823969676;0,464089109683113;"1"
"1147";2,55753788573236;0,448282617182913;"1"
"1148";0,81756584764675;-0,597100442572069;"1"
"1149";2,16770217925795;0,377618174263023;"1"
"1150";1,92989570580387;-0,481186792131249;"1"
"1151";2,4338148576189;0,401670365377614;"1"
"1152";0,314749637423088;0,317867686063863;"1"
"1153";0,342200705356993;-0,33074311636665;"1"
"1154";1,4486174002579;-0,533886634554411;"1"
"1155";0,256634756982317;-0,11716029468223;"1"
"1156";0,34163185638399;-0,242183878725692;"1"
"1157";1,84056437151245;-0,242436623387651;"1"
"1158";0,645422272754759;-0,0942933280686505;"1"
"1159";2,33714395089305;0,159515239876451;"1"
"1160";0,510608954230284;0,0823815230286183;"1"
"1161";1,28399971298602;-0,315049121433265;"1"
"1162";2,43800102822096;0,428460422242381;"1"
"1163";2,29339841070873;0,461321629645359;"1"
"1164";2,42058453381082;0,35551687856912;"1"
"1165";2,50924907967908;0,422493226717684;"1"
"1166";2,44435587297223;-0,0376111638244356;"1"
"1167";0,761057205956017;-0,111624756076102;"1"
"1168";2,2389096062262;0,140442213237185;"1"
"1169";1,41023111568675;-0,494232705742305;"1"
"1170";2,39525043098793;0,279675879498128;"1"
"1171";2,48379926568794;0,667556504365963;"1"
"1172";0,951893203432419;-0,575208462465086;"1"
"1173";0,599388599198151;-0,0225816310816285;"1"
"1174";0,236015695383852;0,324180366887558;"1"
"1175";2,62894867495201;0,695536582252702;"1"
"1176";0,339565716534481;0,143945462584382;"1"
"1177";0,355378446133457;0,180325140026377;"1"
"1178";2,24498496556083;0,218374617973866;"1"
"1179";0,679294677116967;-0,326362504599162;"1"
"1180";2,09989386207635;0,210335563307905;"1"
"1181";1,95410045349143;0,0396121940826478;"1"
"1182";2,28524680000137;-0,0545629429515424;"1"
"1183";0,558491896461883;-0,0729647003469677;"1"
"1184";-0,122325494536906;0,405066658170306;"1"
"1185";1,58367504281948;-0,336386803852532;"1"
"1186";0,0912109393608049;-0,141845481803036;"1"
"1187";0,0886219724540465;0,395655294314729;"1"
"1188";0,103545276706157;0,447207661311522;"1"
"1189";1,48905841904696;-0,519147634503006;"1"
"1190";2,25518481123181;0,616395181509501;"1"
"1191";0,292818367369054;0,495832048149763;"1"
"1192";2,1727729445565;-0,0671524978094287;"1"
"1193";1,7890404553971;-0,424523341631595;"1"
"1194";2,65793978507857;0,78190566333169;"1"
"1195";2,20027588739765;0,46385087330842;"1"
"1196";2,58341131446702;0,332412377988525;"1"
"1197";2,19684583351965;-0,0843578870009897;"1"
"1198";1,06373362189652;-0,59181720804162;"1"
"1199";0,0803449234451743;0,634536650457896;"1"
"1200";-0,153287502140379;0,486970648055439;"1"
"1201";0,390145781539567;0,236612387574313;"1"
"1202";0,255173504332338;0,390527702142901;"1"
"1203";1,34480814695715;-0,368303275566136;"1"
"1204";-0,118355699532095;0,223469292976059;"1"
"1205";0,619373149702904;-0,0176079400042685;"1"
"1206";-0,00199067118575713;0,463300156611686;"1"
"1207";0,243824268110097;-0,28086286882524;"1"
"1208";0,972637941406965;-0,336880833223321;"1"
"1209";2,30451712216497;0,727709989075898;"1"
"1210";2,1426677731988;0,328519217842305;"1"
"1211";0,677691502401541;-0,527213571780413;"1"
"1212";0,0569446267203513;0,769887977970925;"1"
"1213";2,0764652099525;-0,429009097951389;"1"
"1214";1,78223687655664;-0,321889967657375;"1"
"1215";0,0398534348298065;0,55174477634457;"1"
"1216";2,45060843974953;0,302240401308505;"1"
"1217";0,527475250233158;0,0988457091724823;"1"
"1218";1,87964706942992;-0,0633401090052155;"1"
"1219";0,938213742193312;-0,158664895616874;"1"
"1220";0,392108962127757;0,166335864130305;"1"
"1221";2,71976356520934;0,689451334707058;"1"
"1222";0,0587338765509884;0,275673298566616;"1"
"1223";0,218281918984909;0,774266590122372;"1"
"1224";0,581736349921745;-0,505801087336879;"1"
"1225";0,318526001286635;-0,241156666569918;"1"
"1226";1,75094770946684;-0,132982144960193;"1"
"1227";1,18771230275747;-0,478160449333588;"1"
"1228";1,42168399554485;-0,195064131115828;"1"
"1229";1,14914261961815;-0,24077432994408;"1"
"1230";-0,0150799244224233;0,469985172185551;"1"
"1231";1,36478294949107;-0,667082158507209;"1"
"1232";1,52823441082453;-0,58267672903897;"1"
"1233";1,55581364266323;-0,17661196157552;"1"
"1234";0,470131348803201;-0,0198312967456516;"1"
"1235";0,688547213749666;-0,163976455301266;"1"
"1236";0,95008090883032;-0,667236948263404;"1"
"1237";1,99881330424691;-0,00695917499079146;"1"
"1238";2,63746471131624;0,554882594346008;"1"
"1239";1,69419979670888;-0,278592921092675;"1"
"1240";0,443082303389671;0,114691069629097;"1"
"1241";2,26340206167998;0,614509840746608;"1"
"1242";0,774177824046615;-0,163241919381888;"1"
"1243";0,0350213859809956;0,639900723778985;"1"
"1244";0,772876159910078;-0,0882184293823567;"1"
"1245";2,59643612672072;0,426652003564245;"1"
"1246";0,85717464106195;-0,366651249416409;"1"
"1247";0,88133664539078;-0,509377082664226;"1"
"1248";0,128283569834061;0,124750239661762;"1"
"1249";2,09175198739107;-0,0895203992363957;"1"
"1250";1,24763624097522;-0,549523776537298;"1"
"1251";1,1979313097887;-0,629521003900064;"1"
"1252";2,73919681813782;0,736084977995319;"1"
"1253";0,868753353681443;-0,163191949788809;"1"
"1254";0,142774002445491;0,528671187802996;"1"
"1255";-0,0293461094060254;0,465609075051649;"1"
"1256";2,4302340630556;0,365757447954272;"1"
"1257";1,00167519105326;-0,426305480094891;"1"
"1258";1,96255937045511;-0,0609171692582394;"1"
"1259";0,135970543772424;0,742362013750694;"1"
"1260";-0,219138153055249;0,506312405107075;"1"
"1261";-0,0106385857499163;0,206423848245557;"1"
"1262";0,757030201379757;-0,325470010248293;"1"
"1263";1,68326452214057;-0,587271651334477;"1"
"1264";0,992057550819049;-0,26255548921837;"1"
"1265";2,67530765255877;0,427459283580404;"1"
"1266";0,503590100520745;0,0167630864560404;"1"
"1267";2,3371238915554;0,269788410847427;"1"
"1268";1,82749710516611;-0,245806529188592;"1"
"1269";2,66206914749318;0,349044389449986;"1"
"1270";-0,0716477213977351;0,762523485385437;"1"
"1271";1,24897686550107;-0,365430731513578;"1"
"1272";1,59310904039248;-0,20337335548832;"1"
"1273";0,377518791066674;0,023556103141303;"1"
"1274";0,223036403021343;0,370948397459021;"1"
"1275";2,39886530354458;0,0710117410408443;"1"
"1276";0,319815728416447;0,282609160381346;"1"
"1277";0,376162977132976;0,189221022162827;"1"
"1278";1,65325016706257;-0,329147525580716;"1"
"1279";1,37510908756013;-0,232087766861931;"1"
"1280";2,22240333277354;0,0347873669070488;"1"
"1281";-0,225067497336402;0,641350713990048;"1"
"1282";1,77732801333121;-0,13515840287479;"1"
"1283";0,761842697538988;-0,322815599488473;"1"
"1284";0,412907308004811;0,123698302434841;"1"
"1285";0,176283075637548;0,433412814785866;"1"
"1286";2,39803420569559;0,729210324789926;"1"
"1287";2,41096400378515;0,737024546567174;"1"
"1288";0,510883285000918;-0,495708596403378;"1"
"1289";1,43874887608051;-0,234000921528696;"1"
"1290";0,970577708954312;-0,579690867450148;"1"
"1291";0,112320013765429;0,723283182212552;"1"
"1292";0,313767753328937;0,0853885615258286;"1"
"1293";1,92854042823106;-0,451457934423383;"1"
"1294";2,08351374562282;-0,309436086627491;"1"
"1295";1,53080372411263;-0,207698570453771;"1"
"1296";2,00916008018764;-0,43588099678833;"1"
"1297";0,0695036526104571;0,217651453962811;"1"
"1298";2,32274414471528;0,658474375199656;"1"
"1299";2,34680763462925;0,179635602680836;"1"
"1300";2,3680452274837;0,628822788524333;"1"
"1301";1,02794789378675;-0,482501247096532;"1"
"1302";1,29242523484852;-0,635542059331798;"1"
"1303";1,69645388674934;-0,599276537445098;"1"
"1304";0,0884638840343515;0,631210636712006;"1"
"1305";2,63312000524995;0,345987912181615;"1"
"1306";2,31394334862907;0,368147139134536;"1"
"1307";1,93357005171986;-0,512685386405983;"1"
"1308";1,49079986033164;-0,664306729130757;"1"
"1309";0,862179980373309;-0,325496562247351;"1"
"1310";2,31752609244596;-0,0597928605397297;"1"
"1311";0,544507586968356;-0,513415877404094;"1"
"1312";-0,079136246744697;0,766054918314713;"1"
"1313";0,154165252462882;0,778471296997308;"1"
"1314";2,02677942392474;0,135665218580777;"1"
"1315";1,80867427262073;-0,450942871243796;"1"
"1316";1,88473733982982;-0,121891031894127;"1"
"1317";0,608496549614452;-0,107425069363726;"1"
"1318";2,04871813527188;0,191332224022889;"1"
"1319";1,69357062798089;-0,275847633529152;"1"
"1320";2,43910646792026;-0,0839808959190471;"1"
"1321";1,41497778218053;-0,227452427174706;"1"
"1322";0,30192839554733;-0,131705396688189;"1"
"1323";1,18454150084125;-0,637464489018188;"1"
"1324";1,27042351061826;-0,491139644644977;"1"
"1325";2,03112750790495;-0,348893186993934;"1"
"1326";2,7371051824346;0,785639321924111;"1"
"1327";0,907893731953781;-0,623661353932637;"1"
"1328";2,02742599328826;0,0400275794257717;"1"
"1329";1,73541753712236;-0,276802890741177;"1"
"1330";2,64069320728442;0,25548213892237;"1"
"1331";0,313637075278789;0,339826242200917;"1"
"1332";1,53418669379734;-0,38216391819459;"1"
"1333";0,880661091621889;-0,494767191964349;"1"
"1334";0,985254435758055;-0,498619371264212;"1"
"1335";2,46635855222073;0,329945366215356;"1"
"1336";0,107315700418086;0,508383719562178;"1"
"1337";0,502691278462094;-0,35853658105565;"1"
"1338";1,51939543818637;-0,370759821785209;"1"
"1339";2,4763704689322;0,000113881878334277;"1"
"1340";2,42734999931509;-0,0228166148975607;"1"
"1341";1,74342945664892;-0,40814310366888;"1"
"1342";1,28596300004148;-0,676213860495678;"1"
"1343";1,11933557231491;-0,241418745447354;"1"
"1344";-0,153809333189645;0,653403323813195;"1"
"1345";2,5560004675619;0,445948083864915;"1"
"1346";1,83630357815609;-0,447288876659787;"1"
"1347";0,132959688476633;0,296482059604093;"1"
"1348";0,78489529604185;-0,215684646491798;"1"
"1349";0,0628588970832529;0,662464559709554;"1"
"1350";2,19679977222592;-0,194878577296447;"1"
"1351";1,76563399051003;-0,222632370504886;"1"
"1352";0,299281869046168;0,0738941985698645;"1"
"1353";1,96172626788374;0,0163748944527315;"1"
"1354";0,0414036979174039;0,153845445799701;"1"
"1355";2,12799208100643;-0,185663779792999;"1"
"1356";2,33158141321706;-0,013166302570671;"1"
"1357";0,074646003701613;0,580323744522812;"1"
"1358";0,267132823970588;0,1341940741414;"1"
"1359";0,702255687393788;-0,530572271354668;"1"
"1360";2,48600640262492;0,442261615400098;"1"
"1361";1,23920322864796;-0,37795004494729;"1"
"1362";2,5214118744377;0,106964877291796;"1"
"1363";0,894698145001084;-0,192187576132944;"1"
"1364";0,403307615434647;0,0761860081089267;"1"
"1365";2,62517908790012;0,337805702211121;"1"
"1366";0,993496965051093;-0,606715909004075;"1"
"1367";0,0800043372833699;0,125886929534342;"1"
"1368";0,723477402266456;-0,194420310433397;"1"
"1369";2,21493242518853;-0,018985784055441;"1"
"1370";1,58140723337355;-0,374711856096087;"1"
"1371";1,12403892559268;-0,499993388606239;"1"
"1372";0,721587366977167;-0,205469164197021;"1"
"1373";0,307803312370394;-0,131749422463455;"1"
"1374";0,261379733363725;-0,104982129234785;"1"
"1375";0,614326470725916;-0,23105348250233;"1"
"1376";1,33019075380815;-0,526418606153587;"1"
"1377";-0,13643740134249;0,574400123643251;"1"
"1378";1,84268826290588;-0,268534744891744;"1"
"1379";0,617186586142028;-0,418799870010339;"1"
"1380";2,38566492075238;0,104016808290872;"1"
"1381";0,632164349792977;-0,275642143117545;"1"
"1382";2,08809128774777;-0,265558674983544;"1"
"1383";0,423034772581161;-0,353522781599008;"1"
"1384";1,81844446531858;-0,152907539155661;"1"
"1385";1,1615037831416;-0,384662460106761;"1"
"1386";1,89347787942114;-0,341717583668443;"1"
"1387";-0,0728968202381117;0,465451543129433;"1"
"1388";2,36750538098414;0,414309206483681;"1"
"1389";2,18343185536874;-0,256201866386963;"1"
"1390";-0,0572617887537181;0,213878279064163;"1"
"1391";2,02974899301179;-0,320683031451213;"1"
"1392";2,01565757415354;-0,233339652047222;"1"
"1393";2,17926372445861;-0,291105699125378;"1"
"1394";0,742288647559109;-0,500105044573828;"1"
"1395";0,544346926873581;-0,0595920341056219;"1"
"1396";2,31816660625076;0,278824167748912;"1"
"1397";2,30832467931604;-0,158697276402045;"1"
"1398";1,22920006335524;-0,409529252455779;"1"
"1399";0,651805748571046;-0,255273924709294;"1"
"1400";1,35537437947775;-0,402244571218272;"1"
"1401";0,330063154939908;-0,291672182233674;"1"
"1402";1,89788248903045;-0,543998554522376;"1"
"1403";0,714948816087124;-0,12576392361044;"1"
"1404";0,769228605984207;-0,477115745516723;"1"
"1405";2,62043307421281;0,667351191274771;"1"
"1406";1,92166925057997;-0,216661127970474;"1"
"1407";2,66557690082684;0,74125727976063;"1"
"1408";0,230494841973708;0,0674841692379925;"1"
"1409";1,78500441728493;-0,133610631862675;"1"
"1410";1,48384591310192;-0,364706880484009;"1"
"1411";0,430056937837928;-0,213808925489682;"1"
"1412";0,215739179181282;0,783413869959162;"1"
"1413";0,212088646852438;-0,0778657204061435;"1"
"1414";0,716429075180147;-0,31927425837381;"1"
"1415";0,430825468109345;-0,181749476304209;"1"
"1416";1,1182511726318;-0,587953779477545;"1"
"1417";1,02320085616856;-0,404712334063108;"1"
"1418";1,5229466731744;-0,22664166258127;"1"
"1419";1,11348219041968;-0,38264072889356;"1"
"1420";1,84681956068856;-0,157323310431286;"1"
"1421";1,14762095450984;-0,393245047836226;"1"
"1422";2,00692773508338;-0,0670074810903;"1"
"1423";1,94732059307389;-0,0608324868832173;"1"
"1424";2,36214247237987;0,361454137526737;"1"
"1425";0,430297469354459;0,0639879607678685;"1"
"1426";0,0799399056687164;0,786192365011656;"1"
"1427";2,46514202234711;0,123661130848397;"1"
"1428";0,686027243919945;-0,0882135391153321;"1"
"1429";1,56367065669086;-0,441331869560198;"1"
"1430";2,20190387948858;0,109909493147672;"1"
"1431";0,149149145224538;0,785589893214606;"1"
"1432";1,76765909213196;-0,419576311319372;"1"
"1433";2,38501074105836;0,333143209027791;"1"
"1434";2,63947749773002;0,623306253602154;"1"
"1435";0,883392607634435;-0,376964507742665;"1"
"1436";0,00730006207351219;0,697328234113835;"1"
"1437";2,64613752043648;0,779378182242242;"1"
"1438";0,992034251167291;-0,408731639199312;"1"
"1439";2,32981058394698;0,5214602510916;"1"
"1440";2,05158953600808;-0,126506643483905;"1"
"1441";2,48040283144398;0,338231112572322;"1"
"1442";1,57027218353797;-0,242618239586966;"1"
"1443";-0,209893258370186;0,790575582911699;"1"
"1444";0,899330176216222;-0,373133252736363;"1"
"1445";2,35173808998268;0,0670286913441964;"1"
"1446";2,28467358691716;0,622865560300321;"1"
"1447";1,21742969227409;-0,552765076240675;"1"
"1448";0,748293846544768;-0,258285063902872;"1"
"1449";0,62272361718788;-0,157989297098417;"1"
"1450";2,4503417184836;0,207548228814527;"1"
"1451";0,189459061891254;0,468612667543885;"1"
"1452";0,0418662774872747;0,460277186986792;"1"
"1453";1,5337553083585;-0,263432577288312;"1"
"1454";1,87195267817446;-0,563817636769738;"1"
"1455";2,02081503594532;0,0787946834773559;"1"
"1456";2,44727308100217;0,253739867886903;"1"
"1457";1,78930674031614;-0,207254058076006;"1"
"1458";0,49194398875491;0,0958588868914744;"1"
"1459";0,485281890984127;-0,444181454301634;"1"
"1460";0,254579099196565;0,206972213115143;"1"
"1461";1,05407782360158;-0,187197754583202;"1"
"1462";0,355083165095688;0,108638692311236;"1"
"1463";1,33951782643285;-0,621102701560634;"1"
"1464";1,53642734489673;-0,315784791629329;"1"
"1465";0,231418983038786;-0,262781217547597;"1"
"1466";0,0928083190302451;-0,00190218890496996;"1"
"1467";0,907223223160236;-0,509195642242906;"1"
"1468";0,790813979418945;-0,323241917810752;"1"
"1469";1,66729280790136;-0,385322661162763;"1"
"1470";0,0149312729868287;0,770133490012774;"1"
"1471";0,53954054384708;-0,0969834408260101;"1"
"1472";1,96675403690778;-0,0471631796827421;"1"
"1473";1,55358549976282;-0,630956836504347;"1"
"1474";0,713248061089335;-0,555525459036747;"1"
"1475";0,180788478978255;0,612252760198382;"1"
"1476";0,350845412805983;0,0316450891294692;"1"
"1477";1,34111220796257;-0,252565986585003;"1"
"1478";0,0584477378095365;0,683490626766453;"1"
"1479";2,24137656655508;0,11267693050246;"1"
"1480";1,24890275211634;-0,241561394161402;"1"
"1481";0,232796242187308;0,752801409610887;"1"
"1482";1,9328766260992;-0,404155731373224;"1"
"1483";0,176745596495591;0,514501207132683;"1"
"1484";0,901376174272485;-0,288270263438188;"1"
"1485";0,26430899024406;-0,328235185513942;"1"
"1486";1,05132117751005;-0,288081393825339;"1"
"1487";1,43241999539935;-0,468210021665909;"1"
"1488";-0,1137918136522;0,501884026309859;"1"
"1489";1,3909669473375;-0,209451247019076;"1"
"1490";0,518056297014762;-0,162481716938078;"1"
"1491";0,338522061715252;0,357468255938049;"1"
"1492";1,38702181357795;-0,479522713909471;"1"
"1493";0,50347803058186;-0,149912626968941;"1"
"1494";-0,122116105444578;0,489175777933523;"1"
"1495";1,47634970867916;-0,651361290292386;"1"
"1496";2,2637390761374;-0,25217327099491;"1"
"1497";0,190574588121188;0,644265703708096;"1"
"1498";0,226322228890911;0,142659794884353;"1"
"1499";2,44212803809376;0,452488651475769;"1"
"1500";0,141788169917563;0,59190401499535;"1"
"1501";0,93962125519868;-0,251543579874015;"1"
"1502";2,20894780972672;0,440052690983542;"1"
"1503";0,948886702594127;-0,245827388600238;"1"
"1504";0,311549484096683;-0,0912832315124665;"1"
"1505";2,29075144388218;0,0822302264155182;"1"
"1506";2,52710266209161;0,320352862568079;"1"
"1507";0,341649783136777;0,231428137924783;"1"
"1508";1,17298283536838;-0,31502085637548;"1"
"1509";0,201936367237519;0,728706581226324;"1"
"1510";1,99636425427822;-0,487201091893866;"1"
"1511";2,17956755919686;-0,220988736084908;"1"
"1512";1,35416403725015;-0,45929491906046;"1"
"1513";0,0988228808715068;0,409218607983003;"1"
"1514";2,23582768723578;0,253394886635485;"1"
"1515";1,2627171035929;-0,352329114159668;"1"
"1516";1,37559030669213;-0,507602114394965;"1"
"1517";1,561745029144;-0,566239952525948;"1"
"1518";0,262814924763165;-0,0919816811620543;"1"
"1519";2,1624657497455;0,155782033505444;"1"
"1520";1,82943036379128;-0,0233757915072543;"1"
"1521";-0,035188840080667;0,733743339249773;"1"
"1522";2,4770827331454;0,0744192179560159;"1"
"1523";2,0751952382733;-0,346589154775283;"1"
"1524";1,10461451746392;-0,458086819294933;"1"
"1525";1,26549062571684;-0,429984742345028;"1"
"1526";1,89993791419836;-0,342016816370976;"1"
"1527";1,89093115064283;-0,285836429503335;"1"
"1528";0,613864236710391;-0,109718196100456;"1"
"1529";0,0899129789045734;0,510804650840686;"1"
"1530";1,87497283111498;-0,520434294199855;"1"
"1531";0,124248531547953;0,754946916532042;"1"
"1532";2,61566750297218;0,677765240169785;"1"
"1533";1,42056168849264;-0,199829991677429;"1"
"1534";0,196419822208439;-0,0827568970830967;"1"
"1535";1,70288779881088;-0,434426058889324;"1"
"1536";1,03343829811292;-0,5892755641799;"1"
"1537";2,39768235390317;0,695334916029122;"1"
"1538";0,365872405906375;0,272332433715386;"1"
"1539";0,109417154889426;-0,0690585974168116;"1"
"1540";1,9992471565016;-0,402824777375012;"1"
"1541";2,17996733727528;0,207236317804885;"1"
"1542";1,89653146425114;-0,521299519330472;"1"
"1543";2,68050111480641;0,625244941929866;"1"
"1544";2,28763790231378;0,112101270361835;"1"
"1545";1,7872000180095;-0,55888745191035;"1"
"1546";0,0298976854597388;0,284334014107342;"1"
"1547";0,0462770587644843;0,575101831400204;"1"
"1548";2,03104036245601;-0,355863735280623;"1"
"1549";0,175953395793513;0,639302766416746;"1"
"1550";0,441459374933016;-0,00891377848482122;"1"
"1551";0,237570775968205;0,585788991921779;"1"
"1552";2,59957396790489;0,724843699564471;"1"
"1553";1,07198461108357;-0,370844528899898;"1"
"1554";1,38242921056154;-0,380096929382758;"1"
"1555";0,582725817937618;-0,16559665084608;"1"
"1556";1,59259312635948;-0,486967265274628;"1"
"1557";2,2674238954009;0,0677862385921008;"1"
"1558";2,45206014331326;0,541847022635178;"1"
"1559";1,20007864330241;-0,594007114700939;"1"
"1560";1,92922956909363;0,0543469435666745;"1"
"1561";2,3855462740933;0,556573514797728;"1"
"1562";-0,0198795840675472;0,787571967974439;"1"
"1563";0,916339556394456;-0,366313348633704;"1"
"1564";1,03808980956505;-0,272702065528627;"1"
"1565";-0,137098805463439;0,76838333076474;"1"
"1566";1,86327071079279;-0,0887276395823351;"1"
"1567";0,0280473363327844;0,648545536442757;"1"
"1568";2,45202240158557;0,723478782046656;"1"
"1569";2,28652247479343;0,483134885720746;"1"
"1570";2,0837814352317;-0,282525384006977;"1"
"1571";0,758575863664177;-0,577172097490238;"1"
"1572";0,231949173243185;0,0792920209118677;"1"
"1573";0,0948274025777798;0,78158247261327;"1"
"1574";0,334745404622539;0,189881190132383;"1"
"1575";1,70898353876467;-0,308244683191274;"1"
"1576";1,70593351139623;-0,257738290241015;"1"
"1577";1,91805092856374;-0,518630118697011;"1"
"1578";2,06330905153146;-0,237126623717061;"1"
"1579";1,99713994739007;-0,132251415467537;"1"
"1580";1,15455425208937;-0,62322635790169;"1"
"1581";0,734510100214936;-0,561700209061586;"1"
"1582";0,408936555142045;-0,09600197426653;"1"
"1583";1,10463359396426;-0,572776136206292;"1"
"1584";1,74436993725095;-0,312770252872056;"1"
"1585";2,58566132960251;0,380309595302376;"1"
"1586";0,468037018266682;-0,112461404699324;"1"
"1587";1,65783720352866;-0,553728832274315;"1"
"1588";0,332669804114593;-0,00927298452696645;"1"
"1589";-0,161793111600139;0,579428543127483;"1"
"1590";2,45015913376068;0,411046801320265;"1"
"1591";1,18169638220605;-0,248902731281203;"1"
"1592";2,08179209543051;0,0723317663488929;"1"
"1593";0,0851808709599162;0,747642558267491;"1"
"1594";1,6738560119053;-0,593929345589912;"1"
"1595";0,773540467178184;-0,205483190408376;"1"
"1596";2,54105407080794;0,111794222154711;"1"
"1597";2,01872560247503;-0,0321950460752679;"1"
"1598";2,37785169711629;0,32263550385753;"1"
"1599";0,457031560947613;-0,00486545884905587;"1"
"1600";1,15245617465567;-0,458109432862744;"1"
"1601";0,227532539717913;0,269915386780607;"1"
"1602";0,322951676013063;0,110875007506343;"1"
"1603";0,60503042077406;-0,397089224404924;"1"
"1604";1,0979761573676;-0,636617140677036;"1"
"1605";0,490370634699051;-0,340003772491958;"1"
"1606";1,31527199478502;-0,641480600757458;"1"
"1607";1,0021484026678;-0,569306191509138;"1"
"1608";0,451706589950073;-0,0367124323173172;"1"
"1609";2,111355595856;0,160715055774664;"1"
"1610";2,18100565354784;-0,196270858942522;"1"
"1611";1,23032021027944;-0,68215924196062;"1"
"1612";0,189990028097152;-0,0316181216611592;"1"
"1613";1,87120802442536;-0,476310627087343;"1"
"1614";0,857443037191336;-0,229901975543819;"1"
"1615";-0,0415077019101586;0,233213538901231;"1"
"1616";1,04022076968751;-0,465901485618683;"1"
"1617";1,04033523584747;-0,431198093490578;"1"
"1618";1,77625716730805;-0,0758636292993845;"1"
"1619";-0,118593578087422;0,207331895981665;"1"
"1620";0,388163233396908;0,0772527079590383;"1"
"1621";-0,121956102248892;0,769083770106439;"1"
"1622";1,76318983344789;-0,194808950418451;"1"
"1623";0,170641147068469;0,430048586458299;"1"
"1624";0,778027567208255;-0,343939087835466;"1"
"1625";2,37042893799292;-0,0853387874569533;"1"
"1626";1,4107761253263;-0,534028133815623;"1"
"1627";2,32478583970703;0,146227198085781;"1"
"1628";0,0267367169459389;0,335001724363348;"1"
"1629";2,39286916523017;0,657451932701212;"1"
"1630";1,58920921809018;-0,610442746634273;"1"
"1631";2,29045885565311;0,54272017183731;"1"
"1632";1,47999729724887;-0,235510640100501;"1"
"1633";1,48508216141851;-0,360014280479698;"1"
"1634";0,518210770577905;-0,179014677359423;"1"
"1635";2,38964125283323;-0,00272374017235399;"1"
"1636";1,0170626576848;-0,323536911112317;"1"
"1637";1,21386979765134;-0,306760739136061;"1"
"1638";2,2641027949273;0,424042834990918;"1"
"1639";1,71486997407697;-0,112505589415701;"1"
"1640";1,57105034232795;-0,228847601286785;"1"
"1641";0,323244417712855;0,0229180115036529;"1"
"1642";0,476299411294587;0,0153368070692903;"1"
"1643";2,14798892268175;0,228215699570494;"1"
"1644";1,88625151551798;-0,534944294378861;"1"
"1645";2,57358189118638;0,592334567297273;"1"
"1646";2,34835548481259;0,248139961179618;"1"
"1647";0,27790834749143;0,121900229404945;"1"
"1648";2,12297644053857;0,163733246573345;"1"
"1649";0,0736240964751842;0,496221964066604;"1"
"1650";1,32156337005103;-0,619600683230816;"1"
"1651";0,932491141093215;-0,464209666121125;"1"
"1652";0,143389086168324;0,737703381150091;"1"
"1653";0,488621165528741;-0,309704750160592;"1"
"1654";0,429905870851005;-0,280912297749487;"1"
"1655";-0,137464552129554;0,313432004371898;"1"
"1656";1,53168342166589;-0,229875331101871;"1"
"1657";0,22921382448879;-0,0494237968833895;"1"
"1658";2,25407093299136;0,453767069311351;"1"
"1659";2,09455911124691;-0,0646751688884342;"1"
"1660";1,1729889655603;-0,470204360793973;"1"
"1661";0,207628571707837;0,144885781283284;"1"
"1662";2,3501820557416;0,64596309484308;"1"
"1663";0,154838993590046;0,254877356277973;"1"
"1664";2,34278568008804;0,000489438339875914;"1"
"1665";0,387961291057702;0,0181963820611027;"1"
"1666";0,416980306068143;-0,243704927444612;"1"
"1667";0,248774794850094;-0,30843475003244;"1"
"1668";2,01938363356602;-0,33382590585156;"1"
"1669";1,01732548902334;-0,295716018018573;"1"
"1670";2,24122396915622;0,496882195393121;"1"
"1671";0,191584246176848;-0,0506982983158557;"1"
"1672";-0,0876969499051627;0,736595093936399;"1"
"1673";1,38977739812992;-0,435115132186332;"1"
"1674";2,46581244874586;0,649759227219222;"1"
"1675";-0,227688230294154;0,6590597702332;"1"
"1676";0,690673631709745;-0,476162125755932;"1"
"1677";1,04775374775444;-0,586469236127765;"1"
"1678";2,07173680731997;0,0588495217282065;"1"
"1679";0,378296710749256;-0,272659612908856;"1"
"1680";2,40297370449571;0,0915912263010302;"1"
"1681";2,14422469137004;0,247339705519057;"1"
"1682";0,273415700679559;0,0908992396733918;"1"
"1683";0,670456313881539;-0,500555960498323;"1"
"1684";2,13682819783708;0,255032199387723;"1"
"1685";2,42407575997745;-0,111601129274018;"1"
"1686";0,144787224502373;-0,0537413523250112;"1"
"1687";0,485981166750152;-0,0846278626815201;"1"
"1688";-0,194769193470847;0,674086638996808;"1"
"1689";2,55084877435037;0,517236809782811;"1"
"1690";2,32538526156553;0,550493090617094;"1"
"1691";1,93187338328055;-0,485216257544228;"1"
"1692";0,52443816393511;-0,246253410062946;"1"
"1693";1,73722679828928;-0,256570763899573;"1"
"1694";1,34780495300879;-0,272966506594522;"1"
"1695";0,477153045015711;0,0700838800418442;"1"
"1696";-0,0394106047274498;0,399716134695774;"1"
"1697";2,40620588052803;0,616179276956423;"1"
"1698";2,18081986509176;0,354978047273361;"1"
"1699";0,459675673864132;-0,305356802682807;"1"
"1700";0,746625347131459;-0,211754253261402;"1"
"1701";0,948943693855118;-0,289201035442239;"1"
"1702";1,99939055050655;-0,156965607620353;"1"
"1703";0,0532675887285334;0,131319047837994;"1"
"1704";0,255458924676477;0,276007727698955;"1"
"1705";1,86564887160483;-0,340383151968572;"1"
"1706";2,57201825388465;0,467313372161306;"1"
"1707";1,70305481138872;-0,133725709453265;"1"
"1708";0,348917328784813;0,234890553169051;"1"
"1709";0,291940720458327;0,502363004468977;"1"
"1710";0,854643784326528;-0,379345176015117;"1"
"1711";1,10305533332976;-0,222473476761619;"1"
"1712";0,371402349298818;0,200165798375187;"1"
"1713";2,45399094149623;0,484251605334718;"1"
"1714";0,379316776290546;0,283648181351589;"1"
"1715";2,15255246846672;-0,345888110092277;"1"
"1716";1,38654658804909;-0,609156491546019;"1"
"1717";2,45451579138456;0,614802905297726;"1"
"1718";-0,0179939776222169;0,2100156224456;"1"
"1719";-0,108922715996473;0,786800051849869;"1"
"1720";0,00206249744847997;0,0984868268160665;"1"
"1721";2,28889250279699;0,686545608604161;"1"
"1722";2,00747126490387;-0,00296523938105009;"1"
"1723";1,62166185020388;-0,36257454287467;"1"
"1724";0,668135377137447;-0,143405051394502;"1"
"1725";0,0721797153254182;0,644102528404657;"1"
"1726";1,12946736217697;-0,277994929540146;"1"
"1727";2,11503595055458;-0,00156664482408364;"1"
"1728";0,589404996736979;-0,271285684625245;"1"
"1729";2,22773949351989;0,346788728826471;"1"
"1730";2,69060162714854;0,403636069302999;"1"
"1731";1,30851469588542;-0,352738563869166;"1"
"1732";0,648880074898937;-0,498361480297685;"1"
"1733";0,641499852973458;-0,194924420607395;"1"
"1734";1,9138948594298;-0,113402012730657;"1"
"1735";0,729849363351674;-0,163035455928841;"1"
"1736";0,222517170006041;-0,268844068301701;"1"
"1737";0,123540337298587;0,664939463726164;"1"
"1738";2,2578742434367;0,201625300656893;"1"
"1739";0,211567216644934;0,0628002909150686;"1"
"1740";2,35965193468333;0,374566055001598;"1"
"1741";2,30396894698133;0,423968212933602;"1"
"1742";0,144374081417231;0,487175553850796;"1"
"1743";2,30605145534333;0,771542901527917;"1"
"1744";1,27378036569142;-0,510189294474444;"1"
"1745";1,22665543057344;-0,365247225869313;"1"
"1746";0,24168933402866;-0,199315368402725;"1"
"1747";2,07052914501814;-0,361716072736747;"1"
"1748";0,295229654814423;0,13091717176666;"1"
"1749";1,64001479169717;-0,233936303132993;"1"
"1750";-0,0845456123382011;0,709898235026297;"1"
"1751";2,65362060588973;0,66874499712659;"1"
"1752";0,401842784153605;-0,138210274785795;"1"
"1753";0,482113713495258;0,116337195744035;"1"
"1754";-0,155815746026514;0,777272576731733;"1"
"1755";2,48551140177518;0,522281084757378;"1"
"1756";1,76097368962995;-0,105122521812885;"1"
"1757";1,08299205705603;-0,276377644079614;"1"
"1758";2,54074444048465;0,778606393790328;"1"
"1759";0,259519443122374;-0,198339205613276;"1"
"1760";2,49612235422354;0,329945135229866;"1"
"1761";0,81927198933464;-0,58723045103826;"1"
"1762";0,43897790722085;0,130827782719661;"1"
"1763";1,51276025846241;-0,22963223674497;"1"
"1764";1,35034836813783;-0,510402144034467;"1"
"1765";2,63966436231445;0,310105696922911;"1"
"1766";0,266117224393891;0,375448645219818;"1"
"1767";-0,198221336109775;0,527897838483467;"1"
"1768";1,78380041769792;-0,158397156303056;"1"
"1769";1,09155028552782;-0,515286870945575;"1"
"1770";0,335078151882183;0,19269988884491;"1"
"1771";1,89540251280147;0,0220051274375881;"1"
"1772";2,31386998319755;0,143204516762876;"1"
"1773";1,76661767277518;-0,364785745518974;"1"
"1774";1,86596337335206;-0,221915334266654;"1"
"1775";0,220459302503626;-0,0285836899055742;"1"
"1776";1,36713692153253;-0,28819490761702;"1"
"1777";0,649261122708801;-0,0396987713659652;"1"
"1778";0,345094738165918;0,343533122796097;"1"
"1779";2,57214397530018;0,306367528186414;"1"
"1780";2,54982083048931;0,734713545354124;"1"
"1781";1,02158042580442;-0,543003983905855;"1"
"1782";0,574703326120532;-0,406991979933574;"1"
"1783";2,00642321406772;0,0239422340286786;"1"
"1784";2,27131870306795;0,623670263853302;"1"
"1785";2,74075206045561;0,734028810687549;"1"
"1786";2,65889651021369;0,720126429414284;"1"
"1787";2,39028041123553;0,237068569507428;"1"
"1788";2,52122168679565;0,498603764271616;"1"
"1789";0,186121490279549;0,16671778282794;"1"
"1790";0,10388003632587;0,796069645519588;"1"
"1791";2,30162631169059;0,307465187342621;"1"
"1792";2,63228059340211;0,366725335182677;"1"
"1793";0,642922732859925;-0,330888817267155;"1"
"1794";-0,0957519032522747;0,317532020764369;"1"
"1795";1,18223987228331;-0,258602016300545;"1"
"1796";0,562661591931228;-0,124315521994223;"1"
"1797";1,04221710924896;-0,542451327176588;"1"
"1798";0,112456082358558;0,637746752970795;"1"
"1799";0,889163573103395;-0,221889888320237;"1"
"1800";2,06260460758942;0,0790933540189829;"1"
"1801";2,44856756328328;0,0893040552874116;"1"
"1802";0,0755110133784309;0,163036451564965;"1"
"1803";0,885392853969242;-0,630262091114172;"1"
"1804";0,187208524111099;0,0660284719885164;"1"
"1805";1,90927377350356;-0,266286189886911;"1"
"1806";0,204727145819043;0,676172712065693;"1"
"1807";1,19431138799429;-0,318222303927277;"1"
"1808";1,82768694536915;-0,297050296930308;"1"
"1809";0,266457125031574;-0,165144296894308;"1"
"1810";0,541257737359173;-0,0437707294383489;"1"
"1811";1,7098448860829;-0,353438170208549;"1"
"1812";0,948308660694508;-0,499448478163224;"1"
"1813";2,20299661210143;-0,263995069322887;"1"
"1814";2,24337664919075;0,333524953035626;"1"
"1815";1,70786786633682;-0,354703683172826;"1"
"1816";2,07722587594668;-0,380295396608999;"1"
"1817";2,08314593236426;-0,0575035555507075;"1"
"1818";-0,0994483812279829;0,327126698889185;"1"
"1819";0,163593872757414;0,474823482919129;"1"
"1820";2,01470464473426;-0,225152553736095;"1"
"1821";0,301954839201601;0,0625148822530581;"1"
"1822";0,875784956639835;-0,318169356200162;"1"
"1823";-0,106883954107761;0,783766468349889;"1"
"1824";0,138906038859188;0,496884977335691;"1"
"1825";1,82712371230695;-0,113556082016424;"1"
"1826";0,882538148487511;-0,465588580580442;"1"
"1827";0,165723871317116;0,782655075015745;"1"
"1828";0,579318889381261;-0,256120984181323;"1"
"1829";2,11190878865091;-0,0164908132353204;"1"
"1830";-0,0638722908637905;0,241847615054952;"1"
"1831";0,588289386715884;-0,19305394272164;"1"
"1832";0,33617453630545;0,0295678784286095;"1"
"1833";2,2930702791341;0,51597110746924;"1"
"1834";1,90888680100308;-0,262795228914256;"1"
"1835";0,63630231897301;-0,0483304480076241;"1"
"1836";0,973621296780393;-0,660784141884536;"1"
"1837";0,670052267666853;-0,318192120183723;"1"
"1838";2,67842253754564;0,688681906699852;"1"
"1839";0,689338838050558;-0,265332888397317;"1"
"1840";-0,117489300385542;0,684360417754489;"1"
"1841";0,223758196879808;0,15136331328863;"1"
"1842";1,7754712113492;-0,385683926830951;"1"
"1843";1,85357112676466;-0,171077469421838;"1"
"1844";2,39469944904245;0,0786821071159943;"1"
"1845";1,39806550493691;-0,343250686009186;"1"
"1846";2,4751606500419;0,30094538986109;"1"
"1847";0,218283175051523;0,24967871658142;"1"
"1848";0,208473028322825;0,553651715428371;"1"
"1849";2,14573365413779;0,126461608051233;"1"
"1850";1,5589286949642;-0,613949103307432;"1"
"1851";2,25342077927705;0,658740509645394;"1"
"1852";2,3553216820167;0,132846632962147;"1"
"1853";0,987157456788521;-0,340425169592292;"1"
"1854";2,7018666299789;0,755550807332385;"1"
"1855";2,02576444244268;-0,363578328482513;"1"
"1856";0,729134534141731;-0,226014026201017;"1"
"1857";2,45688286645873;0,515920016800058;"1"
"1858";2,29738201444053;0,6690513878888;"1"
"1859";0,241743082924484;-0,118131117223464;"1"
"1860";2,46532638004434;0,470258649527839;"1"
"1861";1,33225893920767;-0,492828767036691;"1"
"1862";0,0934703113137749;0,627394377266362;"1"
"1863";0,139132132210909;0,572861571718812;"1"
"1864";2,53439017349427;0,416315446095912;"1"
"1865";0,944953999013831;-0,429869962914954;"1"
"1866";-0,0757310690008486;0,747569912993369;"1"
"1867";1,92483424694529;0,0226876397327733;"1"
"1868";-0,200166364986904;0,684951469154195;"1"
"1869";1,65371317612725;-0,617494946859809;"1"
"1870";-0,00915789590584715;0,702784984671558;"1"
"1871";2,17779927427649;-0,2842359783489;"1"
"1872";1,98349789755063;-0,0554179602397855;"1"
"1873";0,844945431839886;-0,140054372051815;"1"
"1874";0,967740666351257;-0,273870188240843;"1"
"1875";2,71092479866226;0,755787172959621;"1"
"1876";2,31496166394023;0,336469563015037;"1"
"1877";2,36918276118342;0,15554417561436;"1"
"1878";2,26174421029193;-0,0205418159373763;"1"
"1879";1,13408755833859;-0,520590679315972;"1"
"1880";1,10997340983766;-0,433045934007191;"1"
"1881";2,3565568457279;0,47915519071397;"1"
"1882";1,81516187279685;-0,571858143847917;"1"
"1883";2,37146250546389;0,695423875643226;"1"
"1884";0,266067974358971;0,292943955994868;"1"
"1885";-0,0239712923468904;0,17464510978784;"1"
"1886";1,16874077305028;-0,62322433915477;"1"
"1887";0,401181964816329;0,0989258149226416;"1"
"1888";0,115616103984146;0,0919055817997754;"1"
"1889";1,86684359420108;-0,0406447484071585;"1"
"1890";0,540069681858045;-0,0914901840100393;"1"
"1891";2,45835863604844;0,557441797814467;"1"
"1892";1,59222709067143;-0,284061768083458;"1"
"1893";1,64967633356729;-0,268900357352158;"1"
"1894";1,88621431362373;-0,550889535309267;"1"
"1895";0,250660672560969;0,238624722839055;"1"
"1896";2,49003537405389;0,398006616157516;"1"
"1897";2,12981456337523;0,291498704432538;"1"
"1898";2,27569767770732;0,669760882037252;"1"
"1899";0,619554467822725;-0,514242253702908;"1"
"1900";1,56663461497546;-0,15178873064484;"1"
"1901";0,101843907861976;0,213039617164584;"1"
"1902";0,349467986031501;0,0763555725080756;"1"
"1903";2,20948987055661;0,411080647140214;"1"
"1904";2,06532802383105;-0,279919933386115;"1"
"1905";1,73777482013035;-0,377932992408079;"1"
"1906";0,174288220503497;0,755959372533886;"1"
"1907";0,598690536243433;-0,280719892074267;"1"
"1908";1,63331574593649;-0,282776837385743;"1"
"1909";-0,015813862565393;0,296233524864844;"1"
"1910";1,33146371372721;-0,241144496161155;"1"
"1911";0,17018560741464;0,32015847087842;"1"
"1912";0,0684757678889074;0,254372700512566;"1"
"1913";2,34949662493921;0,275703606151608;"1"
"1914";2,24339318828408;0,125095430865452;"1"
"1915";0,339091437806549;-0,0241796826291407;"1"
"1916";1,98034066719419;0,0387719540356679;"1"
"1917";1,07103307081623;-0,671448373722028;"1"
"1918";0,733787617378201;-0,201513406567922;"1"
"1919";0,102950229943699;-0,0267692448799766;"1"
"1920";2,53480049148672;0,0800706299842453;"1"
"1921";2,38681029426522;0,248978001582442;"1"
"1922";1,77281140087625;-0,31142353328747;"1"
"1923";0,704595218046968;-0,180794020400742;"1"
"1924";2,48439747054086;0,274560018684441;"1"
"1925";2,55736840195604;0,466837737422702;"1"
"1926";2,03550306966364;0,00354184920441913;"1"
"1927";1,83546711008246;-0,49679647469332;"1"
"1928";1,82049659802861;-0,0788808169926276;"1"
"1929";2,54828380350334;0,58620884281376;"1"
"1930";0,407598855120081;-0,217573161751805;"1"
"1931";0,165506038141827;0,544785040769415;"1"
"1932";2,69766024863606;0,764157991719872;"1"
"1933";1,65857260864997;-0,33759531061514;"1"
"1934";2,6198961838996;0,339019624592257;"1"
"1935";0,3781540675609;-0,31173898620786;"1"
"1936";0,756927117077587;-0,179542477928541;"1"
"1937";0,0947765179079869;0,302701840641605;"1"
"1938";0,273968068169192;0,0409666722033621;"1"
"1939";1,89979611715247;-0,0540488428318842;"1"
"1940";1,26630255030197;-0,30772780197915;"1"
"1941";1,6313197329609;-0,550315456855896;"1"
"1942";0,929930926512461;-0,448292193564321;"1"
"1943";0,670124077727955;-0,0624304249630689;"1"
"1944";0,135892855691013;0,721819530856965;"1"
"1945";2,24013563525006;0,202980541780113;"1"
"1946";0,0852937572314316;0,369902017751564;"1"
"1947";2,39908566786284;0,784029685887898;"1"
"1948";2,06246466807992;0,115512327200398;"1"
"1949";0,019870779933598;0,145482438088193;"1"
"1950";0,447391036460264;-0,107424226328071;"1"
"1951";0,619104607437096;-0,304578423496968;"1"
"1952";0,976042663913703;-0,328107190565697;"1"
"1953";2,42192937612974;-0,0189399071656839;"1"
"1954";0,488115914242737;0,0312101394290708;"1"
"1955";0,337030880400629;0,372499274961209;"1"
"1956";1,30439869390644;-0,210079275983914;"1"
"1957";1,30469341761143;-0,43670538495111;"1"
"1958";0,645790440533162;-0,0941343511479769;"1"
"1959";1,59616645559354;-0,213082669452507;"1"
"1960";2,21443145818219;0,247279637273157;"1"
"1961";0,408196246427951;-0,139161050392775;"1"
"1962";1,01523496320316;-0,31825092255155;"1"
"1963";0,90667794007209;-0,626733199020173;"1"
"1964";1,71996189704331;-0,496713858419809;"1"
"1965";0,218662223522704;0,327017559565793;"1"
"1966";1,29867926574749;-0,440936577424796;"1"
"1967";0,881813158848811;-0,391549788879948;"1"
"1968";1,12885667730798;-0,444498563093392;"1"
"1969";2,69330900881176;0,574204131670133;"1"
"1970";0,254707750866139;0,401059573549598;"1"
"1971";1,18686778875988;-0,694434132828383;"1"
"1972";2,27509903840518;0,467953817348834;"1"
"1973";0,623284355680648;-0,374282901284026;"1"
"1974";2,02691259910715;0,162316908888548;"1"
"1975";0,562140082128766;-0,470439873108822;"1"
"1976";2,28240955323098;0,505048774429442;"1"
"1977";-0,161679570091664;0,620745622305718;"1"
"1978";1,57430935368143;-0,226428368876359;"1"
"1979";2,56632257928051;0,521261673607367;"1"
"1980";0,526971031425532;-0,053901061498938;"1"
"1981";2,11716930661897;-0,255175602832975;"1"
"1982";2,04054581493843;-0,361889711996134;"1"
"1983";-0,08144224224616;0,591956852764862;"1"
"1984";2,65317541285786;0,406936212254778;"1"
"1985";0,109536679158732;0,304739252089059;"1"
"1986";0,646373730055205;-0,525823975631694;"1"
"1987";1,29791898472688;-0,352185551274119;"1"
"1988";0,524249589322731;0,0789998736571431;"1"
"1989";-0,0101361400136746;0,0513135532682473;"1"
"1990";0,430827798475798;0,176105390035893;"1"
"1991";0,133725540256125;-0,186914299721085;"1"
"1992";2,2802603737174;0,0229681696481647;"1"
"1993";2,08344292579575;0,161109610833018;"1"
"1994";2,45279378583981;0,72287621260899;"1"
"1995";2,07040065531731;-0,321121805941789;"1"
"1996";0,0716546642242717;0,22604339718808;"1"
"1997";1,41309451478276;-0,648912757701993;"1"
"1998";-0,128931620644186;0,697433639658108;"1"
"1999";1,31471678126698;-0,535049586979185;"1"
"2000";0,0593757844949279;0,758313043096645;"1"
